Ime,Gorovje,Višina,Število poti,Vrsta cilja
Ahac,"Goriško, Notranjsko in Snežniško hribovje",799,6,"['vrh', 'cerkev']"
Ajdovščina,"Goriško, Notranjsko in Snežniško hribovje",804,1,['vrh']
Ankaran,"Goriško, Notranjsko in Snežniško hribovje",18,3,['']
Baba (pri Javornikih),"Goriško, Notranjsko in Snežniško hribovje",1085,2,['vrh']
Bela stena,"Goriško, Notranjsko in Snežniško hribovje",1122,1,['vrh']
Bele ovce,"Goriško, Notranjsko in Snežniško hribovje",1029,1,['vrh']
Bele stene,"Goriško, Notranjsko in Snežniško hribovje",863,2,['']
Belovka,"Goriško, Notranjsko in Snežniško hribovje",848,2,['vrh']
Čaven,"Goriško, Notranjsko in Snežniško hribovje",1185,3,['vrh']
Čelkov vrh,"Goriško, Notranjsko in Snežniško hribovje",1106,2,['vrh']
Cerk,"Goriško, Notranjsko in Snežniško hribovje",1192,5,['vrh']
Čičer,"Goriško, Notranjsko in Snežniško hribovje",726,1,['']
Črni vrh (Iskra),"Goriško, Notranjsko in Snežniško hribovje",119,1,['vrh']
Črni vrh (pri Lokvah),"Goriško, Notranjsko in Snežniško hribovje",1072,1,['vrh']
Črnokalska Varda,"Goriško, Notranjsko in Snežniško hribovje",423,3,['vrh']
Debeli rtič,"Goriško, Notranjsko in Snežniško hribovje",28,1,['']
Deveti konfin,"Goriško, Notranjsko in Snežniško hribovje",930,2,['vrh']
Dolski maj,"Goriško, Notranjsko in Snežniško hribovje",912,2,['vrh']
Fajti hrib,"Goriško, Notranjsko in Snežniško hribovje",433,2,['vrh']
Firstov rep,"Goriško, Notranjsko in Snežniško hribovje",1002,5,['']
Frančiškov hrib,"Goriško, Notranjsko in Snežniško hribovje",632,3,['vrh']
Globočak,"Goriško, Notranjsko in Snežniško hribovje",809,2,['vrh']
Goli hrib,"Goriško, Notranjsko in Snežniško hribovje",217,2,['vrh']
Goli vrh (Cemarovnik),"Goriško, Notranjsko in Snežniško hribovje",816,1,['vrh']
Golič,"Goriško, Notranjsko in Snežniško hribovje",890,5,['vrh']
Gora (Sveti Lovrenc),"Goriško, Notranjsko in Snežniško hribovje",1019,3,"['vrh', 'cerkev']"
Goropeški grič (Pikrej),"Goriško, Notranjsko in Snežniško hribovje",672,1,['vrh']
Goteniški Snežnik,"Goriško, Notranjsko in Snežniško hribovje",1289,2,['vrh']
Gozdarska koča Pri logarnici,"Goriško, Notranjsko in Snežniško hribovje",889,1,['']
Grad Kostel,"Goriško, Notranjsko in Snežniško hribovje",406,2,['vrh']
Grad Lož (Pusti grad),"Goriško, Notranjsko in Snežniško hribovje",698,1,['vrh']
Grad Socerb,"Goriško, Notranjsko in Snežniško hribovje",437,6,"['vrh', 'koča', 'cerkev']"
Gradišče (Čepan),"Goriško, Notranjsko in Snežniško hribovje",791,1,['vrh']
Gradiška Tura,"Goriško, Notranjsko in Snežniško hribovje",793,5,['vrh']
Griček,"Goriško, Notranjsko in Snežniško hribovje",532,1,['vrh']
Grmada (Nanos),"Goriško, Notranjsko in Snežniško hribovje",1209,7,['vrh']
Grmada (Planinska gora),"Goriško, Notranjsko in Snežniško hribovje",873,3,['vrh']
Grmada pri Slavniku,"Goriško, Notranjsko in Snežniško hribovje",998,2,['vrh']
Gura,"Goriško, Notranjsko in Snežniško hribovje",510,1,"['vrh', 'cerkev']"
Hrpeljska gora,"Goriško, Notranjsko in Snežniško hribovje",737,3,['vrh']
Iški morost,"Goriško, Notranjsko in Snežniško hribovje",289,3,['']
Iški Vintgar (Vrbica),"Goriško, Notranjsko in Snežniško hribovje",420,1,['']
Izvir Ljubljanice (Retovje),"Goriško, Notranjsko in Snežniško hribovje",308,1,['']
Jama Pečinka,"Goriško, Notranjsko in Snežniško hribovje",295,1,['']
Jama Vilenica,"Goriško, Notranjsko in Snežniško hribovje",420,1,['']
Jampršnik,"Goriško, Notranjsko in Snežniško hribovje",649,2,['vrh']
Javornik nad Črnim Vrhom,"Goriško, Notranjsko in Snežniško hribovje",1240,8,['vrh']
Ježa,"Goriško, Notranjsko in Snežniško hribovje",949,2,['vrh']
Jurjev hrib,"Goriško, Notranjsko in Snežniško hribovje",109,1,['vrh']
Kameni zid,"Goriško, Notranjsko in Snežniško hribovje",1081,1,['vrh']
Kamno čelo (Mandrija),"Goriško, Notranjsko in Snežniško hribovje",193,1,"['vrh', 'koča']"
Kavčič,"Goriško, Notranjsko in Snežniško hribovje",879,3,['vrh']
Klada,"Goriško, Notranjsko in Snežniško hribovje",475,1,['']
Koča na Kamnem griču,"Goriško, Notranjsko in Snežniško hribovje",1016,7,"['vrh', 'koča']"
Koča na Kavcu,"Goriško, Notranjsko in Snežniško hribovje",730,1,['']
Koča na Kozleku,"Goriško, Notranjsko in Snežniško hribovje",997,3,"['vrh', 'koča']"
Koča na Planini nad Vrhniko,"Goriško, Notranjsko in Snežniško hribovje",733,10,"['vrh', 'koča']"
Kojnik,"Goriško, Notranjsko in Snežniško hribovje",802,3,['vrh']
Kokoš,"Goriško, Notranjsko in Snežniško hribovje",670,9,"['vrh', 'koča']"
Korada,"Goriško, Notranjsko in Snežniško hribovje",812,3,"['vrh', 'cerkev']"
Kovk,"Goriško, Notranjsko in Snežniško hribovje",961,3,['vrh']
Kraguljc,"Goriško, Notranjsko in Snežniško hribovje",897,3,['vrh']
Krempa,"Goriško, Notranjsko in Snežniško hribovje",944,1,['vrh']
Krim,"Goriško, Notranjsko in Snežniško hribovje",1107,16,"['vrh', 'koča']"
Krimšček,"Goriško, Notranjsko in Snežniško hribovje",940,1,['vrh']
Križna gora,"Goriško, Notranjsko in Snežniško hribovje",857,3,"['vrh', 'cerkev']"
Križna gora (Hrušica),"Goriško, Notranjsko in Snežniško hribovje",1162,3,['vrh']
Križna gora nad Colom,"Goriško, Notranjsko in Snežniško hribovje",957,2,['vrh']
Krog,"Goriško, Notranjsko in Snežniško hribovje",418,3,['vrh']
Krokar,"Goriško, Notranjsko in Snežniško hribovje",1122,1,['vrh']
Kršičevec,"Goriško, Notranjsko in Snežniško hribovje",1091,3,['vrh']
Kucelj na Čavnu,"Goriško, Notranjsko in Snežniško hribovje",1237,12,['vrh']
Kuk,"Goriško, Notranjsko in Snežniško hribovje",498,3,['vrh']
Kuk (Kolovrat),"Goriško, Notranjsko in Snežniško hribovje",1243,3,['vrh']
Kuk nad Paljevim,"Goriško, Notranjsko in Snežniško hribovje",612,3,"['vrh', 'bivak']"
Kurešček,"Goriško, Notranjsko in Snežniško hribovje",826,5,"['vrh', 'cerkev']"
Kuželjska stena,"Goriško, Notranjsko in Snežniško hribovje",857,1,['vrh']
Lačna,"Goriško, Notranjsko in Snežniško hribovje",451,6,['vrh']
Lašček,"Goriško, Notranjsko in Snežniško hribovje",1071,4,['vrh']
Lešenjak,"Goriško, Notranjsko in Snežniško hribovje",552,1,['vrh']
Leskovica (nad Stražiščem),"Goriško, Notranjsko in Snežniško hribovje",947,2,['vrh']
Lipnik,"Goriško, Notranjsko in Snežniško hribovje",804,1,['vrh']
Ljubljanski vrh,"Goriško, Notranjsko in Snežniško hribovje",819,1,['vrh']
Lopar,"Goriško, Notranjsko in Snežniško hribovje",303,1,"['vrh', 'cerkev']"
Loška stena,"Goriško, Notranjsko in Snežniško hribovje",875,5,['vrh']
Lovska koča Trešnja ravan,"Goriško, Notranjsko in Snežniško hribovje",818,1,['']
Lovska koča Urška,"Goriško, Notranjsko in Snežniško hribovje",908,1,['']
Lovsko zavetišče pod Čavnom,"Goriško, Notranjsko in Snežniško hribovje",980,1,"['vrh', 'bivak']"
Maj,"Goriško, Notranjsko in Snežniško hribovje",1142,1,['vrh']
Mala gora,"Goriško, Notranjsko in Snežniško hribovje",1034,4,"['vrh', 'koča']"
Mala Plešivica,"Goriško, Notranjsko in Snežniško hribovje",953,2,['vrh']
Mali Golak,"Goriško, Notranjsko in Snežniško hribovje",1495,5,['vrh']
Mali Javornik (Javorniki),"Goriško, Notranjsko in Snežniško hribovje",1219,2,['vrh']
Mali Modrasovec,"Goriško, Notranjsko in Snežniško hribovje",1305,3,['vrh']
Mali Mošenik,"Goriško, Notranjsko in Snežniško hribovje",700,1,['vrh']
Mali Snežnik,"Goriško, Notranjsko in Snežniško hribovje",1694,4,['vrh']
Mali Trebelnik,"Goriško, Notranjsko in Snežniško hribovje",807,2,['vrh']
Marezige,"Goriško, Notranjsko in Snežniško hribovje",284,2,"['vrh', 'koča', 'cerkev']"
Marija Snežna na Gradišcah,"Goriško, Notranjsko in Snežniško hribovje",467,2,"['vrh', 'cerkev']"
Marutnik,"Goriško, Notranjsko in Snežniško hribovje",892,2,['vrh']
Medvedje Brdo,"Goriško, Notranjsko in Snežniško hribovje",814,6,"['vrh', 'cerkev']"
Medvižica,"Goriško, Notranjsko in Snežniško hribovje",1081,2,['vrh']
Mengore,"Goriško, Notranjsko in Snežniško hribovje",453,2,"['vrh', 'cerkev']"
Milanka,"Goriško, Notranjsko in Snežniško hribovje",948,1,['vrh']
Mišnice,"Goriško, Notranjsko in Snežniško hribovje",961,2,['vrh']
Mokrc,"Goriško, Notranjsko in Snežniško hribovje",1059,1,['vrh']
Mrzovec,"Goriško, Notranjsko in Snežniško hribovje",1410,5,['vrh']
Na gradu,"Goriško, Notranjsko in Snežniško hribovje",1115,2,['vrh']
Nadglavinjak,"Goriško, Notranjsko in Snežniško hribovje",888,1,['vrh']
Nagnoj,"Goriško, Notranjsko in Snežniško hribovje",1193,2,['vrh']
Navrše,"Goriško, Notranjsko in Snežniško hribovje",857,3,['vrh']
Novaška gora,"Goriško, Notranjsko in Snežniško hribovje",998,1,['vrh']
Obrovnik,"Goriško, Notranjsko in Snežniško hribovje",700,1,['vrh']
Očna,"Goriško, Notranjsko in Snežniško hribovje",906,2,['vrh']
Orlovo gnezdo (Veli Badin),"Goriško, Notranjsko in Snežniško hribovje",359,2,['vrh']
Ortneški Stari grad,"Goriško, Notranjsko in Snežniško hribovje",765,1,"['vrh', 'cerkev']"
Osojnica,"Goriško, Notranjsko in Snežniško hribovje",820,2,['vrh']
Ostrič,"Goriško, Notranjsko in Snežniško hribovje",1056,1,['vrh']
Otliški maj,"Goriško, Notranjsko in Snežniško hribovje",847,3,['vrh']
Otliško okno,"Goriško, Notranjsko in Snežniško hribovje",800,3,['']
Partizanska bolnica Krvavice,"Goriško, Notranjsko in Snežniško hribovje",620,1,['']
Pečna reber,"Goriško, Notranjsko in Snežniško hribovje",763,1,"['vrh', 'koča']"
Petelinjek,"Goriško, Notranjsko in Snežniško hribovje",1212,2,['vrh']
Petričev hrib,"Goriško, Notranjsko in Snežniško hribovje",937,4,['vrh']
Planinska jama,"Goriško, Notranjsko in Snežniško hribovje",500,1,['']
Plaz,"Goriško, Notranjsko in Snežniško hribovje",528,1,['vrh']
Podrta gora nad Ajdovščino,"Goriško, Notranjsko in Snežniško hribovje",827,3,['vrh']
Poldanovec,"Goriško, Notranjsko in Snežniško hribovje",1299,3,['vrh']
Polšakova koča na Zagori,"Goriško, Notranjsko in Snežniško hribovje",822,2,['']
Pomjan,"Goriško, Notranjsko in Snežniško hribovje",360,2,"['vrh', 'cerkev']"
Primož,"Goriško, Notranjsko in Snežniško hribovje",718,2,['vrh']
Prižnica,"Goriško, Notranjsko in Snežniško hribovje",383,2,['vrh']
Racna gora,"Goriško, Notranjsko in Snežniško hribovje",1140,2,['vrh']
Rajna peč,"Goriško, Notranjsko in Snežniško hribovje",656,1,['vrh']
Rakov Škocjan,"Goriško, Notranjsko in Snežniško hribovje",517,3,['']
Razgledna točka Široko,"Goriško, Notranjsko in Snežniško hribovje",755,1,['vrh']
Razsušica,"Goriško, Notranjsko in Snežniško hribovje",1083,1,['vrh']
Renški vrh,"Goriško, Notranjsko in Snežniško hribovje",449,1,['vrh']
Rezinski vrh,"Goriško, Notranjsko in Snežniško hribovje",1231,1,['vrh']
Rimska trdnjava (Lanišče),"Goriško, Notranjsko in Snežniško hribovje",635,1,['']
Rotovc,"Goriško, Notranjsko in Snežniško hribovje",964,4,['vrh']
Sabotin,"Goriško, Notranjsko in Snežniško hribovje",609,5,['vrh']
Sekirica,"Goriško, Notranjsko in Snežniško hribovje",545,2,['vrh']
Sekulak,"Goriško, Notranjsko in Snežniško hribovje",888,3,['']
Šenčurjev vrh,"Goriško, Notranjsko in Snežniško hribovje",725,2,['vrh']
Šilentabor,"Goriško, Notranjsko in Snežniško hribovje",751,6,['vrh']
Sinji vrh,"Goriško, Notranjsko in Snežniško hribovje",1002,11,['vrh']
Škabrijel,"Goriško, Notranjsko in Snežniško hribovje",646,6,['vrh']
Škavnica,"Goriško, Notranjsko in Snežniško hribovje",734,1,['vrh']
Škol,"Goriško, Notranjsko in Snežniško hribovje",1182,1,['vrh']
Školj sv. Pavla nad Vrtovinom,"Goriško, Notranjsko in Snežniško hribovje",520,4,"['vrh', 'cerkev']"
Skozno,"Goriško, Notranjsko in Snežniško hribovje",671,2,['']
Skrivski izvir,"Goriško, Notranjsko in Snežniško hribovje",500,1,['']
Slavnik,"Goriško, Notranjsko in Snežniško hribovje",1028,7,"['vrh', 'koča']"
Slivnica,"Goriško, Notranjsko in Snežniško hribovje",1114,6,['vrh']
Smrekov vrh,"Goriško, Notranjsko in Snežniško hribovje",1449,1,['vrh']
Snežnik,"Goriško, Notranjsko in Snežniško hribovje",1796,12,"['vrh', 'koča']"
Sončnica (Reber),"Goriško, Notranjsko in Snežniško hribovje",867,3,['vrh']
Špičasti vrh,"Goriško, Notranjsko in Snežniško hribovje",1128,3,['vrh']
Špiček (Špečk),"Goriško, Notranjsko in Snežniško hribovje",986,3,['vrh']
Špilnik,"Goriško, Notranjsko in Snežniško hribovje",1018,2,['vrh']
Srednja gora (Hrušica),"Goriško, Notranjsko in Snežniško hribovje",1275,2,['vrh']
Srednji Golak,"Goriško, Notranjsko in Snežniško hribovje",1480,3,['vrh']
Srednji vrh pri Kozleku,"Goriško, Notranjsko in Snežniško hribovje",923,2,['vrh']
Štanjel (Sveti Danijel),"Goriško, Notranjsko in Snežniško hribovje",553,1,['vrh']
Stanov rob,"Goriško, Notranjsko in Snežniško hribovje",1191,2,['vrh']
Stari grad,"Goriško, Notranjsko in Snežniško hribovje",703,1,['vrh']
Stari grad nad Želimljami,"Goriško, Notranjsko in Snežniško hribovje",555,1,['vrh']
Stari grad Vipava,"Goriško, Notranjsko in Snežniško hribovje",241,1,['vrh']
Stari tabor,"Goriško, Notranjsko in Snežniško hribovje",603,6,['vrh']
Stol (Črni hribi),"Goriško, Notranjsko in Snežniško hribovje",629,1,['vrh']
Stolovec,"Goriško, Notranjsko in Snežniško hribovje",563,1,['vrh']
Streliški vrh (Hrušica),"Goriško, Notranjsko in Snežniško hribovje",1266,2,['vrh']
Strmica,"Goriško, Notranjsko in Snežniško hribovje",626,1,['vrh']
Strunjanske soline,"Goriško, Notranjsko in Snežniško hribovje",2,2,['']
Strunjanski križ,"Goriško, Notranjsko in Snežniško hribovje",53,3,['vrh']
Suhi vrh (Nanos),"Goriško, Notranjsko in Snežniško hribovje",1313,10,['vrh']
Sv. Katarina nad Novokračinami,"Goriško, Notranjsko in Snežniško hribovje",675,2,"['vrh', 'cerkev']"
Sveta Ana,"Goriško, Notranjsko in Snežniško hribovje",484,3,"['vrh', 'cerkev']"
Sveta Ana (Razguri),"Goriško, Notranjsko in Snežniško hribovje",560,1,"['vrh', 'jezero', 'cerkev']"
Sveta Barbara (Ravnik pri Hotedršici),"Goriško, Notranjsko in Snežniško hribovje",674,1,"['vrh', 'cerkev']"
Sveta Gora,"Goriško, Notranjsko in Snežniško hribovje",681,13,"['vrh', 'koča', 'cerkev']"
Sveta Marija Magdalena (Gore),"Goriško, Notranjsko in Snežniško hribovje",851,2,"['vrh', 'cerkev']"
Sveta Trojica,"Goriško, Notranjsko in Snežniško hribovje",1106,4,['vrh']
Sveti Ambrož (Tabor),"Goriško, Notranjsko in Snežniško hribovje",531,2,['vrh']
Sveti Duh (Hrušica),"Goriško, Notranjsko in Snežniško hribovje",1221,2,"['vrh', 'cerkev']"
Sveti Duh (Sveti Peter),"Goriško, Notranjsko in Snežniško hribovje",253,2,"['vrh', 'cerkev']"
Sveti Gregor na Slemenih,"Goriško, Notranjsko in Snežniško hribovje",737,1,"['vrh', 'koča', 'cerkev']"
Sveti Jožef (Mlečnik),"Goriško, Notranjsko in Snežniško hribovje",441,1,"['vrh', 'cerkev']"
Sveti Kvirik,"Goriško, Notranjsko in Snežniško hribovje",408,2,"['vrh', 'cerkev']"
Sveti Lenart (Krvava Peč),"Goriško, Notranjsko in Snežniško hribovje",805,5,"['vrh', 'cerkev']"
Sveti Lovrenc (Jezero),"Goriško, Notranjsko in Snežniško hribovje",329,1,"['vrh', 'cerkev']"
Sveti Pavel (nad Ročinjem),"Goriško, Notranjsko in Snežniško hribovje",403,3,"['vrh', 'cerkev']"
Sveti Peter (Nad Ajbo),"Goriško, Notranjsko in Snežniško hribovje",260,1,"['vrh', 'cerkev']"
Sveti Primož in Felicijan (Osredek),"Goriško, Notranjsko in Snežniško hribovje",751,1,"['vrh', 'koča', 'cerkev']"
Sveti Rupert nad Drago,"Goriško, Notranjsko in Snežniško hribovje",409,1,"['vrh', 'cerkev']"
Sveti Socerb (Artviže),"Goriško, Notranjsko in Snežniško hribovje",817,3,"['vrh', 'cerkev']"
Sveti Socerb (Vipavska brda),"Goriško, Notranjsko in Snežniško hribovje",555,2,"['vrh', 'cerkev']"
Sveti Vid (Vidovska planota),"Goriško, Notranjsko in Snežniško hribovje",846,3,"['vrh', 'cerkev']"
Tinjan,"Goriško, Notranjsko in Snežniško hribovje",374,6,"['vrh', 'cerkev']"
Trenk,"Goriško, Notranjsko in Snežniško hribovje",769,1,['']
Tri učke,"Goriško, Notranjsko in Snežniško hribovje",499,3,['vrh']
Trinški vrh,"Goriško, Notranjsko in Snežniško hribovje",1138,2,['vrh']
Trstelj,"Goriško, Notranjsko in Snežniško hribovje",643,9,['vrh']
Tupla jama,"Goriško, Notranjsko in Snežniško hribovje",450,1,['']
Turn,"Goriško, Notranjsko in Snežniško hribovje",1254,1,['vrh']
Udornica Risnik,"Goriško, Notranjsko in Snežniško hribovje",366,1,['']
Ulovka,"Goriško, Notranjsko in Snežniško hribovje",801,3,['vrh']
Unška koliševka,"Goriško, Notranjsko in Snežniško hribovje",594,1,['']
Velika Jazbina,"Goriško, Notranjsko in Snežniško hribovje",1201,1,['vrh']
Velika ledena jama v Paradani,"Goriško, Notranjsko in Snežniško hribovje",1140,1,['']
Velika Milanja,"Goriško, Notranjsko in Snežniško hribovje",1099,1,['vrh']
Velika Plešivica,"Goriško, Notranjsko in Snežniško hribovje",908,2,['vrh']
Velika Špička,"Goriško, Notranjsko in Snežniško hribovje",955,4,['vrh']
Veliki Gradež,"Goriško, Notranjsko in Snežniško hribovje",507,3,['vrh']
Veliki hrib (kota 526),"Goriško, Notranjsko in Snežniško hribovje",526,1,['vrh']
Veliki Javornik (Javorniki),"Goriško, Notranjsko in Snežniško hribovje",1268,3,['vrh']
Veliki Medvejk / Monte Orsario,"Goriško, Notranjsko in Snežniško hribovje",472,1,['vrh']
Veliki Modrasovec,"Goriško, Notranjsko in Snežniško hribovje",1353,7,['vrh']
Veliki Rob,"Goriško, Notranjsko in Snežniško hribovje",1237,10,['vrh']
Veliki vrh (Črni hribi),"Goriško, Notranjsko in Snežniško hribovje",463,2,['vrh']
Veliki vrh (nad Lomom),"Goriško, Notranjsko in Snežniško hribovje",1071,4,['vrh']
Veliko Cerje,"Goriško, Notranjsko in Snežniško hribovje",343,3,['vrh']
Veliko Gradišče,"Goriško, Notranjsko in Snežniško hribovje",742,2,['vrh']
Vitovski hrib,"Goriško, Notranjsko in Snežniško hribovje",604,4,"['vrh', 'cerkev']"
Vodice,"Goriško, Notranjsko in Snežniško hribovje",651,11,['vrh']
Vojkova koča na Nanosu,"Goriško, Notranjsko in Snežniško hribovje",1240,16,"['vrh', 'koča']"
Volnik,"Goriško, Notranjsko in Snežniško hribovje",546,1,['vrh']
Volovja reber,"Goriško, Notranjsko in Snežniško hribovje",975,1,['vrh']
Vremščica,"Goriško, Notranjsko in Snežniško hribovje",1027,8,['vrh']
Vrh,"Goriško, Notranjsko in Snežniško hribovje",777,1,['vrh']
Vrh križa,"Goriško, Notranjsko in Snežniško hribovje",411,3,['vrh']
Vrh Skopice,"Goriško, Notranjsko in Snežniško hribovje",863,2,['vrh']
Vrh Svetih Treh Kraljev,"Goriško, Notranjsko in Snežniško hribovje",884,9,"['vrh', 'cerkev']"
Vrtovka,"Goriško, Notranjsko in Snežniško hribovje",502,1,['vrh']
Žalostna gora pri Preserju,"Goriško, Notranjsko in Snežniško hribovje",418,2,"['vrh', 'cerkev']"
Zidovnik (Sedovnik),"Goriško, Notranjsko in Snežniško hribovje",575,1,['vrh']
Zjat,"Goriško, Notranjsko in Snežniško hribovje",449,5,['vrh']
Županov vrh,"Goriško, Notranjsko in Snežniško hribovje",999,6,['vrh']
Ablanca,Julijske Alpe,2004,9,['vrh']
Adam,Julijske Alpe,2012,1,['vrh']
Ajdovski gradec,Julijske Alpe,580,2,['vrh']
Batognica,Julijske Alpe,2164,9,['vrh']
Bavški Grintavec,Julijske Alpe,2347,3,['vrh']
Begunjski vrh,Julijske Alpe,2461,6,['vrh']
Bela glava,Julijske Alpe,1926,1,['vrh']
Berjanca,Julijske Alpe,1264,5,['vrh']
Blejski grad,Julijske Alpe,599,1,['']
Bogatin,Julijske Alpe,1977,4,['vrh']
Boršt,Julijske Alpe,931,3,['vrh']
Bovški Gamsovec,Julijske Alpe,2392,3,['vrh']
Brda,Julijske Alpe,2008,9,['vrh']
Briceljk,Julijske Alpe,2346,1,['vrh']
Brinova glava,Julijske Alpe,1586,1,['vrh']
Čelo,Julijske Alpe,2228,7,['vrh']
Cesar,Julijske Alpe,2098,1,['vrh']
Četrt,Julijske Alpe,1832,4,['vrh']
Ciprnik,Julijske Alpe,1745,4,['vrh']
Čisti vrh,Julijske Alpe,1875,1,['vrh']
Cmir,Julijske Alpe,2393,4,['vrh']
Črna gora,Julijske Alpe,1350,1,"['vrh', 'bivak']"
Črna prst,Julijske Alpe,1844,18,"['vrh', 'koča', 'bivak']"
Čukla,Julijske Alpe,1767,1,['vrh']
Debela peč,Julijske Alpe,2014,13,['vrh']
Debeli vrh,Julijske Alpe,2390,1,['vrh']
Debeli vrh nad Lipanco,Julijske Alpe,1962,5,['vrh']
Dobra gora,Julijske Alpe,620,1,['vrh']
Dolina Škratov,Julijske Alpe,700,1,['']
Dolkova špica,Julijske Alpe,2591,5,['vrh']
Dovški križ,Julijske Alpe,2542,2,['vrh']
Draški rob,Julijske Alpe,1979,2,['vrh']
Dravh,Julijske Alpe,1547,3,['vrh']
Drobeče Sleme,Julijske Alpe,2029,3,['vrh']
Eva,Julijske Alpe,2019,1,['vrh']
Gabrovec (Veliki Muzec),Julijske Alpe,1630,1,['vrh']
Galetovec,Julijske Alpe,1265,11,['vrh']
Glava v Zaplanji,Julijske Alpe,2556,4,['vrh']
Glava za Bajto,Julijske Alpe,2131,1,['vrh']
Glave,Julijske Alpe,1760,2,['vrh']
Gogalova lipa,Julijske Alpe,725,2,['']
Goličica,Julijske Alpe,2101,1,['vrh']
Gozdarska koča Mali Vokel,Julijske Alpe,1145,3,['']
Gradišče (Bodešče),Julijske Alpe,499,2,['vrh']
Gradovec,Julijske Alpe,1692,4,['vrh']
Grančišče,Julijske Alpe,844,4,['vrh']
Grušnica,Julijske Alpe,1570,6,['vrh']
Gubno,Julijske Alpe,2403,3,['vrh']
Hom pri Bledu,Julijske Alpe,834,3,['vrh']
Hotunjski vrh,Julijske Alpe,1107,6,['vrh']
Humčič,Julijske Alpe,810,2,['']
Iglica,Julijske Alpe,550,1,"['vrh', 'slap']"
Izvir Bele,Julijske Alpe,665,1,['']
Izvir Boke,Julijske Alpe,850,1,['']
Izvir Glijuna,Julijske Alpe,450,1,['']
Izvir Lipnika,Julijske Alpe,660,1,['']
Jalovec,Julijske Alpe,2645,10,['vrh']
Jalovnik,Julijske Alpe,1452,2,['vrh']
Jama Srnica,Julijske Alpe,550,1,['']
Jamnikov spodmol,Julijske Alpe,720,1,['']
Javor (nad Tolminskimi Ravnami),Julijske Alpe,1363,3,['vrh']
Javorov vrh (Pokljuka),Julijske Alpe,1482,1,['vrh']
Javoršček,Julijske Alpe,1557,2,['vrh']
Jehlc (Špičasta kupa),Julijske Alpe,1662,3,['vrh']
Jerebica,Julijske Alpe,2126,2,['vrh']
Jerebikovec,Julijske Alpe,1593,4,"['vrh', 'bivak']"
Jezerski Stog,Julijske Alpe,2040,6,['vrh']
Kal,Julijske Alpe,2001,1,['vrh']
Kamin Široka polica,Julijske Alpe,780,1,['']
Kanjavec,Julijske Alpe,2569,9,['vrh']
Kanjavec (Zahodni vrh),Julijske Alpe,2569,4,['vrh']
Klatnica,Julijske Alpe,1000,1,['']
Kobala,Julijske Alpe,1080,1,['vrh']
Kobilja glava,Julijske Alpe,1475,2,['vrh']
Kobla,Julijske Alpe,1498,4,['vrh']
Kol,Julijske Alpe,2350,2,['vrh']
Konjc,Julijske Alpe,2289,2,['vrh']
Konjski vrh,Julijske Alpe,1879,4,['vrh']
Kopica,Julijske Alpe,2190,3,['vrh']
Korita Soče pri Kršovcu,Julijske Alpe,390,1,['']
Kota 1313,Julijske Alpe,1313,1,['vrh']
Kovačičeva glava,Julijske Alpe,1827,1,['vrh']
Kozlov rob,Julijske Alpe,426,2,['vrh']
Krasji vrh,Julijske Alpe,1773,3,['vrh']
Kravja Črna gora,Julijske Alpe,1541,1,['vrh']
Kreda,Julijske Alpe,2025,2,['vrh']
Kredarica,Julijske Alpe,2541,1,['vrh']
Kres nad Kočno,Julijske Alpe,890,1,['vrh']
Krevl,Julijske Alpe,1515,8,['vrh']
Kriški rob,Julijske Alpe,2366,2,['vrh']
Križ,Julijske Alpe,2410,8,['vrh']
Krn,Julijske Alpe,2244,12,['vrh']
Krnčica,Julijske Alpe,2142,2,['vrh']
Krsteniški Stog,Julijske Alpe,1879,2,['vrh']
Kser,Julijske Alpe,1900,2,['vrh']
Kucelj (Julijske Alpe),Julijske Alpe,2372,1,['vrh']
Kukova špica,Julijske Alpe,2427,2,['vrh']
Kumlehova glava,Julijske Alpe,1788,2,['vrh']
Kup,Julijske Alpe,1046,2,['vrh']
Kurji vrh,Julijske Alpe,1762,2,['vrh']
Lajnar,Julijske Alpe,1549,5,['vrh']
Lanževica,Julijske Alpe,2003,6,['vrh']
Lengarjeva glava,Julijske Alpe,1498,1,['vrh']
Lipanski vrh,Julijske Alpe,1974,3,['vrh']
Lipenšči hrib,Julijske Alpe,1375,1,['vrh']
Lisc (Lisec),Julijske Alpe,1653,1,['vrh']
Lopa,Julijske Alpe,2406,2,['vrh']
Lopatnik,Julijske Alpe,2012,1,['vrh']
Lovčev bivak Pri Koucah,Julijske Alpe,1192,2,['']
Lovska koča Bala,Julijske Alpe,1300,1,['']
Lovska koča Mali Vokel,Julijske Alpe,1193,4,['']
Lovska koča na Glinu,Julijske Alpe,1527,5,['vrh']
Lovska koča Na Utrci,Julijske Alpe,1500,1,['']
Macesnovec,Julijske Alpe,1926,1,['vrh']
Mahavšček,Julijske Alpe,2008,5,['vrh']
Mala Boka,Julijske Alpe,440,1,['']
Mala Martuljška Ponca,Julijske Alpe,2501,1,['vrh']
Mala Mojstrovka,Julijske Alpe,2332,5,['vrh']
Mala Osojnica,Julijske Alpe,691,2,['vrh']
Mala Ponca,Julijske Alpe,1925,3,['vrh']
Mala Rodica,Julijske Alpe,1901,2,['vrh']
Mala Tičarica,Julijske Alpe,2071,4,['vrh']
Mala Zelnarica,Julijske Alpe,2310,4,['vrh']
Mali Draški vrh,Julijske Alpe,2132,8,['vrh']
Mali Kanin,Julijske Alpe,2571,1,['vrh']
Mali Ozebnik,Julijske Alpe,2324,1,['vrh']
Mali Raskovec,Julijske Alpe,1946,4,['vrh']
Mali Šmohor,Julijske Alpe,1939,2,['vrh']
Mali Triglav,Julijske Alpe,2725,3,['vrh']
Mali vrh (na Mežakli),Julijske Alpe,1389,2,['vrh']
Malo Špičje,Julijske Alpe,2312,4,['vrh']
Mangart,Julijske Alpe,2679,8,['vrh']
Marija Snežna v Breginjskem kotu,Julijske Alpe,645,1,"['vrh', 'cerkev']"
Matajur,Julijske Alpe,1642,13,"['vrh', 'cerkev']"
Matajurski vrh,Julijske Alpe,1936,4,['vrh']
Meja,Julijske Alpe,1996,5,['vrh']
Mesnovec,Julijske Alpe,1538,1,['vrh']
Mišelj vrh,Julijske Alpe,2350,1,['vrh']
Mišeljski Konec,Julijske Alpe,2464,1,['vrh']
Mlina peč,Julijske Alpe,506,1,['vrh']
Morbegna,Julijske Alpe,2520,3,['']
Možic,Julijske Alpe,1602,8,['vrh']
Mrežce,Julijske Alpe,1965,7,['vrh']
Mrzli vrh (na Matajurju),Julijske Alpe,1358,2,['vrh']
Mrzli vrh nad planino Pretovč,Julijske Alpe,1359,3,['vrh']
Muzec - Musc (Mali Muzec),Julijske Alpe,1612,1,['vrh']
Na Glavi,Julijske Alpe,1666,1,['vrh']
Na Pečeh,Julijske Alpe,2039,1,['vrh']
Nizki vrh,Julijske Alpe,1488,1,['vrh']
Ogradi,Julijske Alpe,2087,3,['vrh']
Okroglež,Julijske Alpe,1965,3,['vrh']
Orlove glave,Julijske Alpe,1682,1,['vrh']
Ožarjeni kamen,Julijske Alpe,960,1,['']
Partizanska bolnišnica na Mežakli,Julijske Alpe,1050,1,['']
Peč (razgledišče),Julijske Alpe,650,1,['vrh']
Pihavec,Julijske Alpe,2419,4,['vrh']
Planica pod Krnom,Julijske Alpe,1376,2,['vrh']
Planja,Julijske Alpe,2453,4,['vrh']
Planja (nad Mangartsko planino),Julijske Alpe,1553,1,['vrh']
Plaski Vogel,Julijske Alpe,2348,1,['vrh']
Plesišče,Julijske Alpe,1790,1,['vrh']
Plešivec,Julijske Alpe,1962,1,['vrh']
Plešivec (Loška stena),Julijske Alpe,2184,2,['vrh']
Podrta gora,Julijske Alpe,2061,3,['vrh']
Pogačnikov dom na Kriških podih,Julijske Alpe,2050,4,"['vrh', 'koča', 'bivak']"
Poglejska cerkev,Julijske Alpe,630,1,['']
Pokljuška soteska (luknja),Julijske Alpe,830,1,['']
Police,Julijske Alpe,1184,1,['vrh']
Poljanska baba,Julijske Alpe,830,1,['vrh']
Poljanski vrh,Julijske Alpe,1897,4,['vrh']
Poprovec,Julijske Alpe,2496,3,['vrh']
Požar,Julijske Alpe,1543,2,['vrh']
Požgana Mlinarica,Julijske Alpe,1868,3,['vrh']
Prednje Robičje,Julijske Alpe,1941,2,['vrh']
Prestreljenik,Julijske Alpe,2499,7,['vrh']
Prestreljeniško okno,Julijske Alpe,2391,3,['']
Prevalski Stog,Julijske Alpe,2075,5,['vrh']
Pri Banderi,Julijske Alpe,1974,1,['vrh']
Pri treh macesnih,Julijske Alpe,1810,1,['']
Prisank / Prisojnik,Julijske Alpe,2547,12,['vrh']
Pršivec,Julijske Alpe,1761,7,['vrh']
Prvi Vogel,Julijske Alpe,2181,2,['vrh']
Raskovec,Julijske Alpe,1967,6,['vrh']
Razor,Julijske Alpe,2601,5,['vrh']
Rdeči rob,Julijske Alpe,1913,3,['vrh']
Ribenska gora,Julijske Alpe,588,1,['vrh']
Rigeljc,Julijske Alpe,1768,1,['vrh']
Rigljica,Julijske Alpe,2074,1,['vrh']
Risnati rob (Polevec),Julijske Alpe,1438,2,['vrh']
Rjavina,Julijske Alpe,2532,9,['vrh']
Rodica,Julijske Alpe,1966,9,['vrh']
Rogljica,Julijske Alpe,2547,1,['vrh']
Rombon,Julijske Alpe,2208,5,['vrh']
Rudnica,Julijske Alpe,946,8,['vrh']
Rušnata glava,Julijske Alpe,1899,2,['vrh']
Rušnata Mlinarica,Julijske Alpe,1777,2,['vrh']
Rušnati vrh,Julijske Alpe,1915,3,['vrh']
Rušni vrh,Julijske Alpe,1786,10,['vrh']
Rutarski Vršič,Julijske Alpe,1699,2,['vrh']
Rž,Julijske Alpe,2538,4,['vrh']
Šavnik,Julijske Alpe,1574,6,['vrh']
Šija,Julijske Alpe,1880,5,['vrh']
Široka peč,Julijske Alpe,2497,1,['vrh']
Šitna glava,Julijske Alpe,2087,1,['vrh']
Škednjovec,Julijske Alpe,2309,2,['vrh']
Škraplja,Julijske Alpe,1794,1,['vrh']
Škrbina (Mežakla),Julijske Alpe,1210,2,['vrh']
Škrlatica,Julijske Alpe,2740,5,['vrh']
Skutnik /Monte Guarda,Julijske Alpe,1721,1,['vrh']
Skutnik/Torre Guarda,Julijske Alpe,1860,1,['vrh']
Slatna,Julijske Alpe,2077,3,['vrh']
Slatnik (jugovzhodni vrh),Julijske Alpe,1597,5,['vrh']
Slatnik (severozahodni vrh),Julijske Alpe,1609,5,['vrh']
Sleme,Julijske Alpe,2077,3,['vrh']
Slemenova špica,Julijske Alpe,1911,6,"['vrh', 'planina']"
Šmarjetna glava,Julijske Alpe,2358,4,['vrh']
Šmihelovec,Julijske Alpe,2118,2,['vrh']
Snežna jama na Mežakli,Julijske Alpe,1130,1,['']
Sovna glava,Julijske Alpe,1750,5,['vrh']
Špik,Julijske Alpe,2472,5,['vrh']
Šplevta,Julijske Alpe,2272,2,['']
Šplevta (Indijanec),Julijske Alpe,2382,2,['vrh']
Spodnja Vrbanova špica,Julijske Alpe,2299,1,['vrh']
Spodnji Rokav,Julijske Alpe,2500,1,['vrh']
Spodnji Stenar,Julijske Alpe,2356,1,['vrh']
Spominsko obeležje Aleš Kunaver,Julijske Alpe,660,1,['']
Srednja Ponca,Julijske Alpe,2228,2,['vrh']
Srednji Selišnik,Julijske Alpe,1890,1,['vrh']
Srednji Vogel,Julijske Alpe,2226,2,['vrh']
Srednji vrh (na Matajurju),Julijske Alpe,1320,1,['vrh']
Srednji vrh (nad jezerom v Lužnici),Julijske Alpe,2032,3,['vrh']
Stadorski Orliči,Julijske Alpe,1782,1,['vrh']
Stara koča na Kaninu,Julijske Alpe,1814,1,['']
Stenar,Julijske Alpe,2501,5,['vrh']
Stol (Julijske Alpe),Julijske Alpe,1673,4,['vrh']
Straža,Julijske Alpe,646,1,['vrh']
Strug,Julijske Alpe,2265,1,['vrh']
Studor,Julijske Alpe,1002,3,"['vrh', 'jezero', 'planina']"
Suha Rodica (Novi vrh),Julijske Alpe,1944,4,['vrh']
Suhi vrh,Julijske Alpe,2109,1,['vrh']
Svinjak,Julijske Alpe,1653,1,['vrh']
Teme,Julijske Alpe,2136,1,['vrh']
Teme (Hribarice),Julijske Alpe,2495,2,['vrh']
Tolminski Kuk,Julijske Alpe,2085,11,['vrh']
Tolminski Migovec,Julijske Alpe,1868,1,['vrh']
Tonovcov grad pri Kobaridu,Julijske Alpe,500,1,['vrh']
Tosc,Julijske Alpe,2275,6,['vrh']
Travnik,Julijske Alpe,2252,1,['vrh']
Travnik (pri Mojstrovkah),Julijske Alpe,2379,2,['vrh']
Trentski Pelc,Julijske Alpe,2116,1,['vrh']
Triglav,Julijske Alpe,2864,28,"['vrh', 'bivak']"
Triglavski dom na Kredarici,Julijske Alpe,2515,9,"['vrh', 'koča', 'cerkev']"
Turn (nad Bohinjsko Belo),Julijske Alpe,1249,5,['vrh']
Velika Baba,Julijske Alpe,2016,4,['vrh']
Velika Baba (Kanin),Julijske Alpe,2148,1,['vrh']
Velika Črnelska špica,Julijske Alpe,2332,3,['vrh']
Velika Glava,Julijske Alpe,1883,2,['vrh']
Velika korita Soče,Julijske Alpe,480,1,['']
Velika Martuljška Ponca,Julijske Alpe,2602,1,['vrh']
Velika Mojstrovka,Julijske Alpe,2366,1,['vrh']
Velika Montura,Julijske Alpe,1958,2,['vrh']
Velika Tičarica,Julijske Alpe,2091,3,['vrh']
Velika Zelnarica,Julijske Alpe,2320,4,['vrh']
Veliki Babanski Skedenj,Julijske Alpe,2121,1,['vrh']
Veliki Draški vrh,Julijske Alpe,2243,10,['vrh']
Veliki Lemež,Julijske Alpe,2042,2,['vrh']
Veliki Oltar,Julijske Alpe,2621,2,['vrh']
Veliki Ozebnik,Julijske Alpe,2480,4,['vrh']
Veliki Pršivec,Julijske Alpe,2056,1,['vrh']
Veliki Selišnik,Julijske Alpe,1952,1,['vrh']
Veliki Šmohor,Julijske Alpe,1944,2,['vrh']
Veliki vrh (Polovnik),Julijske Alpe,1768,1,['']
Veliko Špičje,Julijske Alpe,2398,7,['vrh']
Vernar,Julijske Alpe,2225,7,['vrh']
Vevnica,Julijske Alpe,2342,1,['vrh']
Viševnik,Julijske Alpe,2050,21,['vrh']
Visoka glava,Julijske Alpe,1822,1,['vrh']
Visoka glava (na Matajurju),Julijske Alpe,1540,1,['vrh']
Visoka peč,Julijske Alpe,1749,4,['vrh']
Visoka Ponca,Julijske Alpe,2274,3,['vrh']
Visoka Vrbanova špica,Julijske Alpe,2408,6,['vrh']
Visoki Kanin,Julijske Alpe,2587,5,['vrh']
Visoki Mavrinc,Julijske Alpe,1562,2,['vrh']
Visoki Orlov rob,Julijske Alpe,1800,2,['vrh']
Visoki Rokav,Julijske Alpe,2646,2,['vrh']
Vodnikov razglednik,Julijske Alpe,1017,2,['vrh']
Vodnikov Vršac (Vršac nad Zadnjico),Julijske Alpe,2194,5,['vrh']
Vogel,Julijske Alpe,1922,19,['vrh']
Vogel (nad Lepeno),Julijske Alpe,1980,2,['vrh']
Vošni vrh,Julijske Alpe,1621,1,['vrh']
Vratni vrh,Julijske Alpe,1983,1,['vrh']
Vrh Dlani,Julijske Alpe,1852,1,['vrh']
Vrh Hribaric,Julijske Alpe,2388,4,['vrh']
Vrh Krnic,Julijske Alpe,1896,8,['vrh']
Vrh Laške Planje,Julijske Alpe,2448,1,['vrh']
Vrh Leh,Julijske Alpe,1958,1,['vrh']
Vrh nad Peski,Julijske Alpe,2176,6,['vrh']
Vrh nad Škrbino,Julijske Alpe,2054,12,['vrh']
Vrh nad Vodeno Rupo,Julijske Alpe,1995,1,['vrh']
Vrh Osojnic,Julijske Alpe,2371,3,['vrh']
Vrh Ovčje planje,Julijske Alpe,1965,1,['vrh']
Vrh Planje,Julijske Alpe,1971,3,['vrh']
Vrh Planje (nad Globokim),Julijske Alpe,1863,6,['vrh']
Vrh Razora,Julijske Alpe,1893,3,['vrh']
Vrh Škrli,Julijske Alpe,1926,2,['vrh']
Vrh Snežne konte,Julijske Alpe,2342,3,['vrh']
Vršac (nad Zadnjo Trento),Julijske Alpe,2113,2,['vrh']
Vršaki (Južni vrh),Julijske Alpe,2431,2,['vrh']
Vršaki (Srednji vrh),Julijske Alpe,2424,2,['vrh']
Vršaki (Vrh za Koritami),Julijske Alpe,2422,2,['vrh']
Vršaki (Vzhodni vrh),Julijske Alpe,2448,4,['vrh']
Vrše,Julijske Alpe,850,2,['vrh']
Vršič vrh,Julijske Alpe,1737,4,['vrh']
Vrtaški vrh,Julijske Alpe,1898,4,['vrh']
Vrtec,Julijske Alpe,1809,1,['vrh']
Žabiški Kuk,Julijske Alpe,1844,6,['vrh']
Zadnja Mojstrovka,Julijske Alpe,2354,2,['vrh']
Zadnja Ponca,Julijske Alpe,2242,2,['vrh']
Zadnji Vogel,Julijske Alpe,2327,1,['vrh']
Zadnjiški Ozebnik,Julijske Alpe,2084,2,['vrh']
Zagorelec,Julijske Alpe,2090,2,['vrh']
Zasavska koča na Prehodavcih,Julijske Alpe,2071,7,"['vrh', 'koča', 'bivak']"
Zavitar,Julijske Alpe,1750,2,['vrh']
Zeleni vrh,Julijske Alpe,2052,7,['vrh']
Žerjavec (Kavče),Julijske Alpe,805,2,['vrh']
Žičnica čez Tolminko,Julijske Alpe,500,1,['']
Apnišče,Kamniško Savinjske Alpe,740,6,['vrh']
Baba,Kamniško Savinjske Alpe,1119,2,['vrh']
Bašeljski vrh,Kamniško Savinjske Alpe,1744,16,['vrh']
Bezovec,Kamniško Savinjske Alpe,1326,1,['vrh']
Bezovec (Dobrovlje),Kamniško Savinjske Alpe,857,4,['vrh']
Boskovec,Kamniško Savinjske Alpe,1587,5,['vrh']
Brana,Kamniško Savinjske Alpe,2253,4,['vrh']
Brezovec,Kamniško Savinjske Alpe,617,1,['vrh']
Brunški vrh,Kamniško Savinjske Alpe,511,1,['vrh']
Čisovec,Kamniško Savinjske Alpe,1419,3,['vrh']
Cjanovca,Kamniško Savinjske Alpe,1820,7,['vrh']
Deska (Veža),Kamniško Savinjske Alpe,1970,4,['vrh']
Dleskovec,Kamniško Savinjske Alpe,1965,1,['vrh']
Dobrča,Kamniško Savinjske Alpe,1634,18,['vrh']
Dolgi hrbet,Kamniško Savinjske Alpe,2473,6,['vrh']
Goli vrh,Kamniško Savinjske Alpe,1787,3,['vrh']
Goli vrh (Šavnice),Kamniško Savinjske Alpe,1426,2,['vrh']
Gora Oljka,Kamniško Savinjske Alpe,733,9,"['vrh', 'koča', 'cerkev']"
Grad Gutenberk (Hudi grad),Kamniško Savinjske Alpe,663,2,['vrh']
Grad Velenje,Kamniško Savinjske Alpe,442,3,['vrh']
Grad Žovnek,Kamniško Savinjske Alpe,409,2,['vrh']
Gradišče (Pustinjak),Kamniško Savinjske Alpe,871,5,['vrh']
Gradišče (Velika planina),Kamniško Savinjske Alpe,1666,12,"['vrh', 'planina']"
Grebenc,Kamniško Savinjske Alpe,1479,3,['vrh']
Grintovec,Kamniško Savinjske Alpe,2558,14,['vrh']
Grmada (Dobrovlje),Kamniško Savinjske Alpe,898,3,['vrh']
Jamna peč,Kamniško Savinjske Alpe,720,3,['']
Javornik nad Jezerskim,Kamniško Savinjske Alpe,1399,1,['vrh']
Javorov vrh,Kamniško Savinjske Alpe,1434,7,['vrh']
Jelovec,Kamniško Savinjske Alpe,1808,2,['vrh']
Jezerska Kočna,Kamniško Savinjske Alpe,2540,14,['vrh']
Kalška gora,Kamniško Savinjske Alpe,2047,11,['vrh']
Kalški greben,Kamniško Savinjske Alpe,2224,13,['vrh']
Kamniški Dedec,Kamniško Savinjske Alpe,1583,2,['vrh']
Kamniški vrh,Kamniško Savinjske Alpe,1259,12,"['vrh', 'bivak']"
Kapela Marije Snežne (Velika planina),Kamniško Savinjske Alpe,1560,8,"['vrh', 'planina', 'cerkev']"
Kogel,Kamniško Savinjske Alpe,2100,1,['vrh']
Kokrska Kočna,Kamniško Savinjske Alpe,2520,8,['vrh']
Komen,Kamniško Savinjske Alpe,1684,6,"['vrh', 'cerkev']"
Kompotela,Kamniško Savinjske Alpe,1989,3,['vrh']
Konj,Kamniško Savinjske Alpe,1803,4,['vrh']
Kopa (Belska Kopa),Kamniško Savinjske Alpe,1180,1,['vrh']
Kopa (Partizanski vrh),Kamniško Savinjske Alpe,1024,4,['vrh']
Koritni vrh (Velika planina),Kamniško Savinjske Alpe,1648,2,['vrh']
Koroška Rinka (Križ),Kamniško Savinjske Alpe,2433,7,['vrh']
Košutna,Kamniško Savinjske Alpe,1974,3,['vrh']
Koželj,Kamniško Savinjske Alpe,590,2,['vrh']
Kozji vrh,Kamniško Savinjske Alpe,1628,1,['vrh']
Kranjska reber,Kamniško Savinjske Alpe,1435,6,['vrh']
Kranjska Rinka,Kamniško Savinjske Alpe,2453,7,['vrh']
Križevnik,Kamniško Savinjske Alpe,1909,4,['vrh']
Krnes,Kamniško Savinjske Alpe,1613,2,['vrh']
Krofička,Kamniško Savinjske Alpe,2083,5,['vrh']
Krvavec,Kamniško Savinjske Alpe,1853,4,['vrh']
Kržišče (Pokovše),Kamniško Savinjske Alpe,1658,2,['vrh']
Kunšperski vrh (Brezovec),Kamniško Savinjske Alpe,1336,2,['vrh']
Lanež,Kamniško Savinjske Alpe,1925,7,['vrh']
Lastovec,Kamniško Savinjske Alpe,1841,1,['vrh']
Ledinski vrh,Kamniško Savinjske Alpe,2108,5,['vrh']
Lepenatka,Kamniško Savinjske Alpe,1425,10,['vrh']
Licjanovec,Kamniško Savinjske Alpe,1733,1,['vrh']
Lipnik (pri Velenju),Kamniško Savinjske Alpe,486,1,['vrh']
Logarska peč,Kamniško Savinjske Alpe,1536,3,['vrh']
Lomek (Lom),Kamniško Savinjske Alpe,884,2,['vrh']
Lovska koča Črnevka,Kamniško Savinjske Alpe,1300,1,['']
Lučka Brana (Baba),Kamniško Savinjske Alpe,2331,1,['vrh']
Lučki Dedec,Kamniško Savinjske Alpe,2023,6,['vrh']
Mala Ojstrica,Kamniško Savinjske Alpe,2017,2,['vrh']
Mala Raduha,Kamniško Savinjske Alpe,2029,3,['vrh']
Mala Rinka,Kamniško Savinjske Alpe,2289,2,['vrh']
Mali Grintovec,Kamniško Savinjske Alpe,1813,24,['vrh']
Mali Rogatec (Mali Rogac),Kamniško Savinjske Alpe,1228,2,['vrh']
Mali Travnik,Kamniško Savinjske Alpe,1532,1,['vrh']
Mali vrh nad Završnico,Kamniško Savinjske Alpe,863,1,['vrh']
Malo Gradišče,Kamniško Savinjske Alpe,536,1,['vrh']
Matkov kot,Kamniško Savinjske Alpe,920,1,['']
Matkova kopa,Kamniško Savinjske Alpe,1957,1,['vrh']
Medvedjak,Kamniško Savinjske Alpe,1573,1,['vrh']
Mokrica,Kamniško Savinjske Alpe,1853,4,['vrh']
Mokrišče Blata,Kamniško Savinjske Alpe,505,1,['']
Molička peč,Kamniško Savinjske Alpe,2029,3,['vrh']
Mrzla gora,Kamniško Savinjske Alpe,2203,8,['vrh']
Na Križu (Kokrska Kočna),Kamniško Savinjske Alpe,2484,1,['vrh']
Najvišji rob (Zeleniške špice),Kamniško Savinjske Alpe,2127,2,['vrh']
Novi grad (Pusti grad),Kamniško Savinjske Alpe,630,2,['vrh']
Ojstri vrh (nad Prevalo),Kamniško Savinjske Alpe,1197,2,['vrh']
Ojstrica,Kamniško Savinjske Alpe,2350,17,['vrh']
Partizanska bolnica Mrzle vode,Kamniško Savinjske Alpe,1226,1,['']
Planica (vzletišče Gozd),Kamniško Savinjske Alpe,926,7,['vrh']
Planinski dom Šentjungert,Kamniško Savinjske Alpe,565,2,"['vrh', 'koča', 'cerkev']"
Planjava,Kamniško Savinjske Alpe,2392,13,['vrh']
Planjava pri Kamniškem vrhu,Kamniško Savinjske Alpe,1243,4,['vrh']
Pleče,Kamniško Savinjske Alpe,1131,6,['vrh']
Poljanski rob,Kamniško Savinjske Alpe,1569,3,"['vrh', 'planina']"
Potoška gora,Kamniško Savinjske Alpe,1283,2,['vrh']
Praprotnikova koča,Kamniško Savinjske Alpe,1380,2,['']
Prgozdnik,Kamniško Savinjske Alpe,1013,2,['vrh']
Račka vrata,Kamniško Savinjske Alpe,1450,1,['']
Razgledišče Skroti,Kamniško Savinjske Alpe,787,1,['']
Rjavčki vrh (Planinšca),Kamniško Savinjske Alpe,1898,3,['vrh']
Rzenik,Kamniško Savinjske Alpe,1833,3,['vrh']
Sebenje,Kamniško Savinjske Alpe,500,1,['']
Senčnica Josipine Turnograjske,Kamniško Savinjske Alpe,570,2,['vrh']
Šentanski vrh,Kamniško Savinjske Alpe,1635,14,['vrh']
Šenturška Gora,Kamniško Savinjske Alpe,671,3,"['vrh', 'koča', 'cerkev']"
Sevčnik,Kamniško Savinjske Alpe,562,1,['vrh']
Škrbina (Slaparjeva gora),Kamniško Savinjske Alpe,1142,1,['vrh']
Skubrov vrh,Kamniško Savinjske Alpe,1276,1,['vrh']
Skuta,Kamniško Savinjske Alpe,2532,9,['vrh']
Skutman,Kamniško Savinjske Alpe,911,5,['vrh']
Smokuški vrh,Kamniško Savinjske Alpe,1122,8,['vrh']
Smolnik,Kamniško Savinjske Alpe,1002,1,['vrh']
Smrekovec,Kamniško Savinjske Alpe,1577,9,['vrh']
Šoštanj,Kamniško Savinjske Alpe,358,1,['']
Špic,Kamniško Savinjske Alpe,1499,1,['vrh']
Spominski park v Kamniški Bistrici,Kamniško Savinjske Alpe,680,1,['']
Srednji vrh,Kamniško Savinjske Alpe,1853,7,['vrh']
Štajerska Rinka,Kamniško Savinjske Alpe,2374,5,['vrh']
Štefanja gora,Kamniško Savinjske Alpe,748,10,"['vrh', 'cerkev']"
Storžič,Kamniško Savinjske Alpe,2132,30,['vrh']
Strelovec,Kamniško Savinjske Alpe,1763,4,['vrh']
Štruca,Kamniško Savinjske Alpe,2457,7,['vrh']
Sveta Ana (Tunjice),Kamniško Savinjske Alpe,475,3,"['vrh', 'cerkev']"
Sveti Jurij nad Tržičem,Kamniško Savinjske Alpe,673,3,"['vrh', 'cerkev']"
Sveti Križ nad Belimi Vodami,Kamniško Savinjske Alpe,1054,5,"['vrh', 'cerkev']"
Sveti Lovrenc nad Zabreznico,Kamniško Savinjske Alpe,725,3,"['vrh', 'cerkev']"
Sveti Miklavž na Gori,Kamniško Savinjske Alpe,757,1,"['vrh', 'cerkev']"
Tolsti vrh,Kamniško Savinjske Alpe,1715,16,['vrh']
Tolsti vrh (Dobrovlje),Kamniško Savinjske Alpe,1077,5,['vrh']
Tolsti vrh (Veža),Kamniško Savinjske Alpe,1985,4,['vrh']
Turni,Kamniško Savinjske Alpe,1240,1,['vrh']
Turni (pri Kozjem vrhu),Kamniško Savinjske Alpe,1432,1,['vrh']
Turska gora,Kamniško Savinjske Alpe,2251,5,['vrh']
V Boštkú,Kamniško Savinjske Alpe,466,2,['']
Vaško,Kamniško Savinjske Alpe,1046,3,['vrh']
Velika (Koroška) Baba,Kamniško Savinjske Alpe,2127,8,['vrh']
Velika Raduha,Kamniško Savinjske Alpe,2062,11,['vrh']
Velika Zelenica,Kamniško Savinjske Alpe,2114,4,['vrh']
Veliki Rogatec (Veliki Rogac),Kamniško Savinjske Alpe,1557,8,['vrh']
Veliki Travnik,Kamniško Savinjske Alpe,1637,6,['vrh']
Veliki vrh,Kamniško Savinjske Alpe,1742,1,['vrh']
Veliki vrh (Veža),Kamniško Savinjske Alpe,2110,5,['vrh']
Veliki vrh nad Matkovim kotom,Kamniško Savinjske Alpe,1539,1,['vrh']
Veliki Zvoh,Kamniško Savinjske Alpe,1971,5,"['vrh', 'jezero']"
Veliko Gradišče,Kamniško Savinjske Alpe,587,1,['vrh']
Vežica,Kamniško Savinjske Alpe,1965,1,['vrh']
Vinski vrh (Vimperk),Kamniško Savinjske Alpe,448,3,"['vrh', 'cerkev']"
Visoki vrh nad Jezerskim,Kamniško Savinjske Alpe,1459,2,['vrh']
Vivodnik,Kamniško Savinjske Alpe,1508,12,['vrh']
Vovar,Kamniško Savinjske Alpe,940,6,['vrh']
Vrata,Kamniško Savinjske Alpe,1591,1,['vrh']
Vratca,Kamniško Savinjske Alpe,1802,5,['vrh']
Vrh Korena,Kamniško Savinjske Alpe,1999,9,['vrh']
Vrhe,Kamniško Savinjske Alpe,965,6,['vrh']
Vrholanov vrh (Ravne pri Šoštanju),Kamniško Savinjske Alpe,710,1,['vrh']
Vršiči,Kamniško Savinjske Alpe,1980,1,['vrh']
Zavetišče v Hudičevem borštu,Kamniško Savinjske Alpe,1328,5,['']
Ajdna,Karavanke,1046,7,['vrh']
Alničje,Karavanke,1145,3,['vrh']
Andrejev vrh,Karavanke,897,8,['vrh']
Babček,Karavanke,575,4,['vrh']
Basališče (Paški Kozjak),Karavanke,1272,3,['vrh']
Begunjščica,Karavanke,2060,14,['vrh']
Begunjska Vrtača,Karavanke,1991,4,['vrh']
Bela peč,Karavanke,1583,10,['vrh']
Bela peč (nad Dovjem),Karavanke,1460,4,['vrh']
Bele peči (Lepi vrh),Karavanke,1926,2,['vrh']
Blažčeva skala,Karavanke,1091,1,['vrh']
Boč,Karavanke,978,14,['']
Borovje,Karavanke,1476,3,['vrh']
Brdo (Plezališče pod Golico),Karavanke,1192,1,['vrh']
Bukovec,Karavanke,1506,1,['vrh']
Časov vrh,Karavanke,821,1,['vrh']
Celovška špica,Karavanke,2102,2,['vrh']
Cerkev Marije Tolažnice (Brezje nad Žetalami),Karavanke,382,1,"['vrh', 'cerkev']"
Čofatijev vrh,Karavanke,1606,3,['vrh']
Črepič,Karavanke,798,2,['vrh']
Črna peč,Karavanke,1447,1,['vrh']
Dedni vrh (Šuštarica),Karavanke,653,1,['vrh']
Donačka gora,Karavanke,884,11,['vrh']
Donačka gora (vzhodni vrh),Karavanke,883,10,['vrh']
Dovška Baba,Karavanke,1891,9,['vrh']
Dovška Mala Kepa,Karavanke,2077,1,['vrh']
Formila na Boču,Karavanke,624,5,['']
Fričev vrh,Karavanke,881,2,['vrh']
Gank,Karavanke,850,1,['vrh']
Golarjeva peč,Karavanke,1276,1,['vrh']
Goležev grad,Karavanke,505,2,['vrh']
Golica,Karavanke,1835,12,['vrh']
Gonžarjeva peč,Karavanke,575,2,['vrh']
Govca (Olševa),Karavanke,1929,14,['vrh']
Grad Konjice,Karavanke,515,2,['vrh']
Grad Lindek,Karavanke,695,1,['vrh']
Gradišče nad Sotesko (Soteska),Karavanke,724,1,['vrh']
Grobnica barona Borna,Karavanke,800,1,['']
Grpišca,Karavanke,1676,1,['vrh']
Gubno,Karavanke,2035,4,['vrh']
Hom (nad Prevaljami),Karavanke,1193,2,['vrh']
Hribarska (Huda) zijalka,Karavanke,1140,1,['']
Hruški vrh,Karavanke,1776,9,['vrh']
Hvadnik,Karavanke,920,1,['']
Izvir reke Meže,Karavanke,1230,1,['']
Izvir Sotle,Karavanke,640,5,['']
Javorče,Karavanke,1667,2,['vrh']
Jelenkamen,Karavanke,1096,5,['vrh']
Jerebikovec,Karavanke,1621,1,['vrh']
Jerman,Karavanke,890,1,['']
Jesenik (Jesenikov vrh),Karavanke,1199,4,['vrh']
Joški vrh,Karavanke,595,6,['vrh']
Kališje,Karavanke,1435,1,['vrh']
Kalvarija nad Jesenicami,Karavanke,784,2,['vrh']
Kamnati vrh,Karavanke,1658,2,['vrh']
Kamnek,Karavanke,873,6,['vrh']
Kamnitnik,Karavanke,1858,2,['vrh']
Kepa,Karavanke,2143,9,['vrh']
Klek,Karavanke,1753,8,['vrh']
Kofce gora,Karavanke,1967,6,['vrh']
Končnikov vrh,Karavanke,2109,10,['vrh']
Kordeževa glava (Peca),Karavanke,2125,22,['vrh']
Košutica,Karavanke,1968,8,['vrh']
Košutnikov turn,Karavanke,2133,8,['vrh']
Kozjek,Karavanke,766,3,['vrh']
Kozjek (nad Socko),Karavanke,748,1,['vrh']
Krajnikov grad,Karavanke,549,1,['vrh']
Kresišče,Karavanke,1839,4,['vrh']
Kršiše,Karavanke,790,2,['vrh']
Krvavka,Karavanke,1784,1,['vrh']
Kušpergarjev turn (Kušpergarjevi turni),Karavanke,750,1,['vrh']
Ljubična gora,Karavanke,533,2,"['vrh', 'cerkev']"
Lokovnikov Grintovec / Grintoutz,Karavanke,1809,5,['vrh']
Lovska koča na Brvogih,Karavanke,1425,1,['']
Lovska koča nad Doslovško planino,Karavanke,1325,2,['']
Lovska koča Štepih,Karavanke,825,4,['']
Lubela,Karavanke,778,2,['vrh']
Maceljska gora,Karavanke,718,4,['vrh']
Mala Boncla (Bavha),Karavanke,1131,1,['vrh']
Mala Golica,Karavanke,1646,2,['vrh']
Mala Košuta,Karavanke,1740,2,['vrh']
Mala Peca,Karavanke,1731,3,['vrh']
Mali Javornik,Karavanke,1685,1,['vrh']
Mali Juhej,Karavanke,820,1,['vrh']
Mali vrh,Karavanke,2017,1,['vrh']
Malnež,Karavanke,846,1,['vrh']
Malo Kladivo,Karavanke,2036,3,['vrh']
Maloško poldne / Mallestiger Mittagskogel,Karavanke,1823,4,['vrh']
Medvodnica,Karavanke,1202,2,['vrh']
Mirca,Karavanke,1025,2,['vrh']
Mojstrovica,Karavanke,1816,2,['vrh']
Mornova zijalka,Karavanke,550,1,['']
Murnovc,Karavanke,1866,1,['vrh']
Na Možeh,Karavanke,1784,1,['vrh']
Na pečeh pri Črnem Vrhu,Karavanke,1318,1,['vrh']
Obel kamen (Olševa),Karavanke,1911,6,['vrh']
Ostrica,Karavanke,1182,1,['vrh']
Palec,Karavanke,2026,3,['vrh']
Partizanska bolnica Krtina,Karavanke,1040,2,['']
Partizanska bolnica na Formili/Boču,Karavanke,630,5,['']
Partizanska bolnica Zima,Karavanke,290,1,['']
Peč (Tromeja),Karavanke,1508,11,['vrh']
Pečovnik,Karavanke,1640,2,['vrh']
Pečovnik (kota 1668),Karavanke,1668,2,['vrh']
Penatca,Karavanke,1299,1,['vrh']
Petelinjek (nad Korenskim sedlom),Karavanke,1552,2,['vrh']
Pikov vrh,Karavanke,1149,5,['vrh']
Plakopec (Brezejec),Karavanke,1005,1,['vrh']
Planica,Karavanke,1508,3,['vrh']
Plešivec,Karavanke,1801,3,['vrh']
Plešivec,Karavanke,822,5,['vrh']
Plešivška kopa (Kozarnica),Karavanke,1414,1,['vrh']
Pogorevc,Karavanke,1076,1,['vrh']
Polna peč,Karavanke,1503,2,['vrh']
Potočka zijalka,Karavanke,1660,3,['']
Potoški Stol,Karavanke,2014,5,['vrh']
Prešernova koča na Stolu,Karavanke,2174,14,"['vrh', 'koča']"
Primožkovi hribi,Karavanke,1326,2,['vrh']
Ptičji vrh,Karavanke,1550,2,['vrh']
Pungartska gora,Karavanke,2025,1,['vrh']
Radojč,Karavanke,937,2,['vrh']
Ramšakov vrh,Karavanke,970,4,['vrh']
Ravnocerje,Karavanke,679,1,['vrh']
Razgledna točka na Stenici,Karavanke,630,1,['']
RIS Dolina (Dovžanova soteska),Karavanke,720,3,['']
Robič,Karavanke,1384,5,['vrh']
Robniške peči,Karavanke,1323,2,['vrh']
Ruš,Karavanke,1614,4,['vrh']
Skala,Karavanke,750,3,['vrh']
Skalni vrh (Vodemla),Karavanke,780,2,['vrh']
Smodivnik,Karavanke,923,1,['vrh']
Smolnik,Karavanke,1075,2,['vrh']
Snežnik (nad Koprivno),Karavanke,1543,1,['vrh']
Šoparjev vrh,Karavanke,1524,3,['vrh']
Soteska Mučevo,Karavanke,690,2,['']
Španov vrh,Karavanke,1334,6,['vrh']
Špicasti vrh (Kislica),Karavanke,994,2,['vrh']
Špik (Paški Kozjak),Karavanke,1108,1,['vrh']
Spodnji Plot,Karavanke,1682,3,['vrh']
Spominska plošča Jožeta Rozmana,Karavanke,1450,1,['']
Srednja peč,Karavanke,1920,5,['vrh']
Srednji vrh (nad Završnico),Karavanke,1796,5,['vrh']
Štalekarjev vrh,Karavanke,792,1,['vrh']
Stegovnik,Karavanke,1692,9,['vrh']
Stenica,Karavanke,1091,3,['vrh']
Stol,Karavanke,2236,20,['vrh']
Stolpnik,Karavanke,1012,16,['vrh']
Strana,Karavanke,711,1,['vrh']
Stropnica,Karavanke,880,2,['vrh']
Stropnik,Karavanke,862,1,['vrh']
Štrukljev vrh,Karavanke,1227,1,['vrh']
Struška,Karavanke,1944,8,['vrh']
Studeniški grad,Karavanke,315,3,['']
Šumahov vrh,Karavanke,1155,4,['vrh']
Sv. Tomaž nad Vojnikom,Karavanke,444,2,"['vrh', 'koča', 'cerkev']"
Svačica,Karavanke,1953,9,['vrh']
Sveta Barbara v Zagradu,Karavanke,435,3,"['vrh', 'cerkev']"
Sveti Jakob v Koprivni,Karavanke,1062,1,"['vrh', 'cerkev']"
Sveti Pankracij (Grajski grič),Karavanke,530,3,"['vrh', 'cerkev']"
Sveti Rupert (Završe),Karavanke,815,1,"['vrh', 'koča', 'cerkev']"
Sveti Vid (Završe),Karavanke,808,1,"['vrh', 'cerkev']"
Tamarča,Karavanke,1728,1,['vrh']
Temnjak,Karavanke,798,1,['vrh']
Tolsta Košuta - Vzhodni vrh,Karavanke,2057,1,['vrh']
Tolsta Košuta - Zahodni vrh,Karavanke,2026,1,['vrh']
Tolsti vrh (pri Poljški planini),Karavanke,1225,2,['vrh']
Toplar,Karavanke,2000,3,['vrh']
Trupejevo poldne,Karavanke,1931,8,['vrh']
Turška jama v Gozdašnici,Karavanke,835,1,['']
Uršlja gora (Plešivec),Karavanke,1699,14,"['vrh', 'koča', 'cerkev']"
Vajnež,Karavanke,2104,5,['vrh']
Velika Boncla,Karavanke,1241,1,['vrh']
Velika glava,Karavanke,2077,2,['vrh']
Veliki Javornik (Ženiklovec),Karavanke,1716,5,['vrh']
Veliki Juhej,Karavanke,865,1,['vrh']
Veliki vrh (Košuta),Karavanke,2088,9,['vrh']
Veliki vrh (nad Mežiško dolino),Karavanke,1165,5,['vrh']
Veliki vrh nad Komatevro,Karavanke,1634,1,['vrh']
Veliki vrh nad Završnikom,Karavanke,968,5,['vrh']
Veliko Kladivo,Karavanke,2094,8,['vrh']
Vetrh vrh,Karavanke,1268,1,['vrh']
Vinska gora,Karavanke,806,2,['vrh']
Virnikov Grintovec,Karavanke,1654,6,['vrh']
Visoka Bavha,Karavanke,1650,1,['vrh']
Visoki vrh,Karavanke,1828,3,['vrh']
Visoko,Karavanke,991,2,['vrh']
Volinjak,Karavanke,886,6,['vrh']
Vošca,Karavanke,1737,6,['vrh']
Votlina Kralja Matjaža,Karavanke,1670,3,['']
Vrh Ljubeljščice (Triangel),Karavanke,1704,3,['vrh']
Vrtača,Karavanke,2181,12,['vrh']
Zajčnik,Karavanke,1746,3,['vrh']
Zajmenove peči,Karavanke,1745,2,['vrh']
Zbelovski grad,Karavanke,400,3,['']
Zelenjak,Karavanke,2024,3,['vrh']
Železna (Kisla) voda,Karavanke,1115,1,['']
Žmitkov špic,Karavanke,1124,1,['vrh']
Anski vrh (nad Pamečami),"Pohorje, Dravinjske gorice in Haloze",756,1,"['vrh', 'cerkev']"
Brinjeva gora (nad Zrečami),"Pohorje, Dravinjske gorice in Haloze",616,5,"['vrh', 'cerkev']"
Črni vrh,"Pohorje, Dravinjske gorice in Haloze",1543,4,"['vrh', 'bivak']"
Globokarjev vrh,"Pohorje, Dravinjske gorice in Haloze",616,1,['vrh']
Golarjev vrh,"Pohorje, Dravinjske gorice in Haloze",843,1,['vrh']
Golek,"Pohorje, Dravinjske gorice in Haloze",769,5,['vrh']
Golika,"Pohorje, Dravinjske gorice in Haloze",609,1,"['vrh', 'cerkev']"
Gradišče (nad Slovenj Gradcem),"Pohorje, Dravinjske gorice in Haloze",516,1,['vrh']
Hlebov vrh (Rdeči Breg),"Pohorje, Dravinjske gorice in Haloze",913,8,"['vrh', 'cerkev']"
Hožičev vrh,"Pohorje, Dravinjske gorice in Haloze",595,1,['vrh']
Izvir Polskave,"Pohorje, Dravinjske gorice in Haloze",1180,4,['']
Izvir reke Pake,"Pohorje, Dravinjske gorice in Haloze",1412,1,['']
Janški vrh,"Pohorje, Dravinjske gorice in Haloze",417,3,"['vrh', 'cerkev']"
Janževski vrh,"Pohorje, Dravinjske gorice in Haloze",915,2,"['vrh', 'koča', 'cerkev']"
Jelovice,"Pohorje, Dravinjske gorice in Haloze",623,3,['vrh']
Jezerski vrh,"Pohorje, Dravinjske gorice in Haloze",1537,5,['vrh']
Kapela sv. Ane v Puščavi,"Pohorje, Dravinjske gorice in Haloze",330,2,"['vrh', 'cerkev']"
Kebeljski grad (Zajčev grad),"Pohorje, Dravinjske gorice in Haloze",813,3,['vrh']
Kerješetov vrh,"Pohorje, Dravinjske gorice in Haloze",590,2,['vrh']
Klančnik (Glančnik),"Pohorje, Dravinjske gorice in Haloze",877,7,['vrh']
Klopni vrh,"Pohorje, Dravinjske gorice in Haloze",1340,14,['vrh']
Kluže,"Pohorje, Dravinjske gorice in Haloze",496,1,['vrh']
Koglerjev vrh,"Pohorje, Dravinjske gorice in Haloze",698,2,['vrh']
Kremžarjev vrh,"Pohorje, Dravinjske gorice in Haloze",1164,8,['vrh']
Lamprehtov vrh,"Pohorje, Dravinjske gorice in Haloze",1230,2,['vrh']
Lasina,"Pohorje, Dravinjske gorice in Haloze",1412,3,['vrh']
Ledinekov kogel,"Pohorje, Dravinjske gorice in Haloze",1182,4,['vrh']
Lobnikov vrh,"Pohorje, Dravinjske gorice in Haloze",705,1,['vrh']
Lorbekov vrh,"Pohorje, Dravinjske gorice in Haloze",578,1,['vrh']
Lovrenška jezera,"Pohorje, Dravinjske gorice in Haloze",1520,5,"['vrh', 'jezero']"
Majalova kapelica,"Pohorje, Dravinjske gorice in Haloze",823,2,['']
Mali Črni vrh,"Pohorje, Dravinjske gorice in Haloze",1533,2,"['vrh', 'jezero']"
Mariborski razglednik (Cigelnica),"Pohorje, Dravinjske gorice in Haloze",1147,3,['vrh']
Maroltova jelka (Bistriški vintgar),"Pohorje, Dravinjske gorice in Haloze",800,1,['']
Ostruščica,"Pohorje, Dravinjske gorice in Haloze",1498,5,['vrh']
Partizanska bolnišnica Jesen,"Pohorje, Dravinjske gorice in Haloze",1035,3,['']
Pečke,"Pohorje, Dravinjske gorice in Haloze",720,5,"['vrh', 'koča']"
Pesek,"Pohorje, Dravinjske gorice in Haloze",1423,3,['vrh']
Pot med krošnjami Pohorje,"Pohorje, Dravinjske gorice in Haloze",1460,1,['']
Potnikova smreka,"Pohorje, Dravinjske gorice in Haloze",651,2,['']
Ptujska Gora,"Pohorje, Dravinjske gorice in Haloze",342,4,"['vrh', 'koča', 'cerkev']"
Razgledna ploščad pri Ančnikovem gradišču,"Pohorje, Dravinjske gorice in Haloze",760,1,['vrh']
Repnikov vrh,"Pohorje, Dravinjske gorice in Haloze",988,3,['vrh']
Rogla,"Pohorje, Dravinjske gorice in Haloze",1517,10,['vrh']
Rudnica (nad Podčetrtkom),"Pohorje, Dravinjske gorice in Haloze",548,7,"['vrh', 'koča', 'jezero', 'bivak', 'planina', 'cerkev']"
Sedovnikov vrh,"Pohorje, Dravinjske gorice in Haloze",942,1,['vrh']
Šetorov mlin,"Pohorje, Dravinjske gorice in Haloze",745,2,['']
Skala (nad Dravogradom),"Pohorje, Dravinjske gorice in Haloze",525,1,['']
Sveti Avguštin,"Pohorje, Dravinjske gorice in Haloze",504,4,"['vrh', 'cerkev']"
Sveti Bolfenk (Jelovice),"Pohorje, Dravinjske gorice in Haloze",537,2,"['vrh', 'cerkev']"
Sveti Danijel (nad Trbonjami),"Pohorje, Dravinjske gorice in Haloze",845,1,"['vrh', 'cerkev']"
Sveti Janez Krstnik (Šentjanž nad Dravčami),"Pohorje, Dravinjske gorice in Haloze",655,1,"['vrh', 'cerkev']"
Sveti Martin (Zlakova),"Pohorje, Dravinjske gorice in Haloze",589,1,"['vrh', 'cerkev']"
Sveti Mohor (Lačna Gora),"Pohorje, Dravinjske gorice in Haloze",602,1,"['vrh', 'cerkev']"
Sveti Primož (Sveti Primož na Pohorju),"Pohorje, Dravinjske gorice in Haloze",667,1,"['vrh', 'cerkev']"
Turn (pri Klopnem vrhu),"Pohorje, Dravinjske gorice in Haloze",1261,2,['vrh']
Velika Kopa,"Pohorje, Dravinjske gorice in Haloze",1542,3,['vrh']
Veliki vrh (na Pohorju),"Pohorje, Dravinjske gorice in Haloze",1344,10,['vrh']
Vodni izvir Zlati studenec,"Pohorje, Dravinjske gorice in Haloze",375,1,['']
Vrelenk,"Pohorje, Dravinjske gorice in Haloze",1170,1,['']
Žigartov vrh,"Pohorje, Dravinjske gorice in Haloze",1346,12,['vrh']
Žusem,"Pohorje, Dravinjske gorice in Haloze",669,3,"['vrh', 'bivak', 'cerkev']"
Bezenica,Polhograjsko hribovje in Ljubljana,476,1,['vrh']
Blagajev grad (Polhograjska graščina),Polhograjsko hribovje in Ljubljana,377,1,['']
Breznik (Boben),Polhograjsko hribovje in Ljubljana,643,2,['vrh']
Bukov vrh,Polhograjsko hribovje in Ljubljana,832,2,"['vrh', 'cerkev']"
Cankarjev vrh (Rožnik),Polhograjsko hribovje in Ljubljana,394,4,"['vrh', 'koča', 'cerkev']"
Debeli vrh (nad Topolami),Polhograjsko hribovje in Ljubljana,446,3,['vrh']
Ferjanka,Polhograjsko hribovje in Ljubljana,399,3,"['vrh', 'koča']"
Goli vrh,Polhograjsko hribovje in Ljubljana,962,2,['vrh']
Goljek,Polhograjsko hribovje in Ljubljana,809,4,['vrh']
Gontarska planina,Polhograjsko hribovje in Ljubljana,894,2,['vrh']
Grad Jablje,Polhograjsko hribovje in Ljubljana,310,1,['']
Gradišče (nad Dobrovo),Polhograjsko hribovje in Ljubljana,530,2,['vrh']
Gradišče (Zapoški hrib),Polhograjsko hribovje in Ljubljana,451,1,['vrh']
Gradišče nad Žažarjem,Polhograjsko hribovje in Ljubljana,547,2,['vrh']
Grmada,Polhograjsko hribovje in Ljubljana,676,18,['vrh']
Hom,Polhograjsko hribovje in Ljubljana,715,4,['vrh']
Javorč,Polhograjsko hribovje in Ljubljana,901,3,"['vrh', 'koča']"
Jermanca (Jermancov grič),Polhograjsko hribovje in Ljubljana,728,1,['vrh']
Jeterbenk,Polhograjsko hribovje in Ljubljana,774,10,['vrh']
Kalvarija,Polhograjsko hribovje in Ljubljana,460,2,['vrh']
Ključ,Polhograjsko hribovje in Ljubljana,623,4,['vrh']
Klobuk pri Ljubljani,Polhograjsko hribovje in Ljubljana,441,2,['vrh']
Koreno,Polhograjsko hribovje in Ljubljana,729,9,"['vrh', 'cerkev']"
Koseški hrib,Polhograjsko hribovje in Ljubljana,467,5,['vrh']
Kožljek,Polhograjsko hribovje in Ljubljana,788,4,['vrh']
Kregovnik,Polhograjsko hribovje in Ljubljana,692,1,['vrh']
Kucelj nad Polhovim Gradcem,Polhograjsko hribovje in Ljubljana,705,3,['vrh']
Kugelč (Šentjošt nad Horjulom),Polhograjsko hribovje in Ljubljana,666,2,"['vrh', 'planina', 'cerkev']"
Lavrovec,Polhograjsko hribovje in Ljubljana,890,1,['vrh']
Liparjev grič,Polhograjsko hribovje in Ljubljana,374,3,['vrh']
Ljubljanski grad,Polhograjsko hribovje in Ljubljana,376,5,"['vrh', 'koča']"
Mala Grmada,Polhograjsko hribovje in Ljubljana,853,4,['vrh']
Mali vrh,Polhograjsko hribovje in Ljubljana,708,3,['vrh']
Marinčeva planina (Hrib),Polhograjsko hribovje in Ljubljana,805,2,['vrh']
Mengeška koča na Gobavici,Polhograjsko hribovje in Ljubljana,433,7,"['vrh', 'koča']"
Mlaka,Polhograjsko hribovje in Ljubljana,914,2,['vrh']
Mlinčki,Polhograjsko hribovje in Ljubljana,340,2,['']
Osolnik,Polhograjsko hribovje in Ljubljana,858,12,"['vrh', 'cerkev']"
Pasja ravan,Polhograjsko hribovje in Ljubljana,1020,4,['vrh']
Polhograjska Gora (Sveti Lovrenc),Polhograjsko hribovje in Ljubljana,824,9,"['vrh', 'cerkev']"
Polhograjska Grmada,Polhograjsko hribovje in Ljubljana,898,17,['vrh']
Rašica (Vrh Staneta Kosca),Polhograjsko hribovje in Ljubljana,641,14,"['vrh', 'koča']"
Rog,Polhograjsko hribovje in Ljubljana,798,10,['vrh']
Severjev grič,Polhograjsko hribovje in Ljubljana,401,1,['vrh']
Šišenski hrib (Rožnik),Polhograjsko hribovje in Ljubljana,429,3,['vrh']
Sivka,Polhograjsko hribovje in Ljubljana,934,7,['vrh']
Šmarna gora,Polhograjsko hribovje in Ljubljana,669,23,"['vrh', 'koča', 'cerkev']"
Smledniški hrib (Stari grad),Polhograjsko hribovje in Ljubljana,517,5,"['vrh', 'koča']"
Straža,Polhograjsko hribovje in Ljubljana,395,2,['vrh']
Stražni stolp pod vrhom Kovčka,Polhograjsko hribovje in Ljubljana,770,1,['']
Stražni vrh,Polhograjsko hribovje in Ljubljana,439,1,['vrh']
Strmca,Polhograjsko hribovje in Ljubljana,472,7,['vrh']
Strmec (nad Dragomerom),Polhograjsko hribovje in Ljubljana,446,2,['vrh']
Sveti Andrej (nad Zmincem),Polhograjsko hribovje in Ljubljana,617,2,"['vrh', 'koča', 'cerkev']"
Sveti Andrej (Planina nad Horjulom),Polhograjsko hribovje in Ljubljana,798,2,"['vrh', 'cerkev']"
Sveti Florijan (Tehovec),Polhograjsko hribovje in Ljubljana,685,4,"['vrh', 'cerkev']"
Sveti Jakob,Polhograjsko hribovje in Ljubljana,806,14,"['vrh', 'cerkev']"
Sveti Jurij (Hruševo),Polhograjsko hribovje in Ljubljana,414,1,"['vrh', 'cerkev']"
Sveti križ na Hribcu,Polhograjsko hribovje in Ljubljana,380,1,['']
Sveti Lenart,Polhograjsko hribovje in Ljubljana,861,1,"['vrh', 'cerkev']"
Sveti Ožbolt (nad Zmincem),Polhograjsko hribovje in Ljubljana,859,4,"['vrh', 'cerkev']"
Sveti Urban (nad Gorenjo Dobravo),Polhograjsko hribovje in Ljubljana,570,2,"['vrh', 'cerkev']"
Sveti Urh (nad Zaklancem),Polhograjsko hribovje in Ljubljana,420,3,"['vrh', 'cerkev']"
Tabor (nad Črnučami),Polhograjsko hribovje in Ljubljana,370,1,['vrh']
Tošč,Polhograjsko hribovje in Ljubljana,1021,13,['vrh']
Toško Čelo,Polhograjsko hribovje in Ljubljana,590,6,"['vrh', 'koča']"
Veliki hrib,Polhograjsko hribovje in Ljubljana,815,1,['vrh']
Veliki vrh (Rašica),Polhograjsko hribovje in Ljubljana,568,1,['vrh']
Visoki hrib,Polhograjsko hribovje in Ljubljana,602,2,['vrh']
Vrh (Debeli hrib),Polhograjsko hribovje in Ljubljana,540,7,['vrh']
Vrhe nad Dobrovo,Polhograjsko hribovje in Ljubljana,603,2,['vrh']
Vrhovčev grič,Polhograjsko hribovje in Ljubljana,495,5,['vrh']
Ajdovščina nad Ihanom,Posavsko hribovje in Dolenjska,495,1,['vrh']
Baba,Posavsko hribovje in Dolenjska,789,1,['vrh']
Babni vrh,Posavsko hribovje in Dolenjska,753,4,['vrh']
Bajturn (Zaplaški hrib),Posavsko hribovje in Dolenjska,609,8,['vrh']
Bavč,Posavsko hribovje in Dolenjska,692,4,['vrh']
Brest (Bohor),Posavsko hribovje in Dolenjska,808,5,['vrh']
Cerkev sv. Krištofa na Gramnu,Posavsko hribovje in Dolenjska,324,1,"['vrh', 'cerkev']"
Cerkev sv. Mihaela na Šmihelu,Posavsko hribovje in Dolenjska,442,2,"['vrh', 'cerkev']"
Cicelj,Posavsko hribovje in Dolenjska,836,7,['vrh']
Ciganov vrh (Korinjski hrib),Posavsko hribovje in Dolenjska,731,1,['vrh']
Črni hrib (Golovec),Posavsko hribovje in Dolenjska,440,5,['vrh']
Črni vrh (Čemšeniška planina),Posavsko hribovje in Dolenjska,1204,13,['vrh']
Debeli vrh (Bohor),Posavsko hribovje in Dolenjska,921,4,['vrh']
Debenji vrh,Posavsko hribovje in Dolenjska,530,7,['vrh']
Dom na Bukovici,Posavsko hribovje in Dolenjska,584,2,"['vrh', 'koča']"
Dom na Šmohorju,Posavsko hribovje in Dolenjska,784,7,"['vrh', 'koča', 'cerkev']"
Dom pri Miklavžu,Posavsko hribovje in Dolenjska,964,1,"['vrh', 'koča', 'cerkev']"
Dom v Gorah,Posavsko hribovje in Dolenjska,762,6,"['vrh', 'koča', 'cerkev']"
Dragov dom na Homu,Posavsko hribovje in Dolenjska,607,6,"['vrh', 'koča', 'cerkev']"
Gače,Posavsko hribovje in Dolenjska,955,1,['vrh']
Golava,Posavsko hribovje in Dolenjska,834,3,"['vrh', 'bivak']"
Golčaj,Posavsko hribovje in Dolenjska,690,4,"['vrh', 'cerkev']"
Gorišca,Posavsko hribovje in Dolenjska,698,1,['vrh']
Govško brdo,Posavsko hribovje in Dolenjska,811,3,['vrh']
Gozdnik,Posavsko hribovje in Dolenjska,1090,6,"['vrh', 'bivak']"
Grad Fridrihštajn,Posavsko hribovje in Dolenjska,970,2,['vrh']
Grad Kozje (Drachenburg),Posavsko hribovje in Dolenjska,360,1,['vrh']
Grad Podsreda,Posavsko hribovje in Dolenjska,475,1,['']
Grad Turjak,Posavsko hribovje in Dolenjska,522,3,['vrh']
Grad Višnja Gora (Stari grad),Posavsko hribovje in Dolenjska,506,1,['vrh']
Gradišče,Posavsko hribovje in Dolenjska,706,1,['vrh']
Gradišče (pri Grižah),Posavsko hribovje in Dolenjska,341,1,"['vrh', 'cerkev']"
Gradišče nad Ilovo Goro,Posavsko hribovje in Dolenjska,601,1,"['vrh', 'cerkev']"
Gradiše (nad Štorami),Posavsko hribovje in Dolenjska,540,1,['vrh']
Gradiški grič,Posavsko hribovje in Dolenjska,485,2,"['vrh', 'cerkev']"
Grmada (Bohor),Posavsko hribovje in Dolenjska,890,1,['vrh']
Grmada na Mali gori,Posavsko hribovje in Dolenjska,887,8,"['vrh', 'koča']"
Grmada nad Celjem,Posavsko hribovje in Dolenjska,718,5,['vrh']
Grmadnik,Posavsko hribovje in Dolenjska,569,1,['vrh']
Hom nad Celjem,Posavsko hribovje in Dolenjska,570,4,['vrh']
Hribce,Posavsko hribovje in Dolenjska,388,1,"['vrh', 'jezero', 'cerkev']"
Hum nad Laškim,Posavsko hribovje in Dolenjska,583,2,['vrh']
Izvir Krke,Posavsko hribovje in Dolenjska,272,2,['']
Janče,Posavsko hribovje in Dolenjska,792,8,"['vrh', 'koča', 'cerkev']"
Jasovnik,Posavsko hribovje in Dolenjska,764,1,['vrh']
Javor,Posavsko hribovje in Dolenjska,1132,6,['vrh']
Jelovička in Mihova jama,Posavsko hribovje in Dolenjska,240,1,['']
Kal,Posavsko hribovje in Dolenjska,985,2,['vrh']
Kalanov hrib (Kalanček),Posavsko hribovje in Dolenjska,626,2,['vrh']
Kamčič,Posavsko hribovje in Dolenjska,525,3,['vrh']
Kamen vrh,Posavsko hribovje in Dolenjska,783,5,"['vrh', 'koča']"
Kamnik,Posavsko hribovje in Dolenjska,861,4,"['vrh', 'bivak']"
Kamnolom mlinskih kamnov,Posavsko hribovje in Dolenjska,390,1,['']
Klobuk,Posavsko hribovje in Dolenjska,890,2,['vrh']
Kopitnik,Posavsko hribovje in Dolenjska,910,6,['vrh']
Koprivnik (Bohor),Posavsko hribovje in Dolenjska,984,5,['vrh']
Kotečnik,Posavsko hribovje in Dolenjska,772,2,['vrh']
Kozice,Posavsko hribovje in Dolenjska,741,2,['vrh']
Kožljevec,Posavsko hribovje in Dolenjska,533,1,['vrh']
Krvavica,Posavsko hribovje in Dolenjska,909,2,['vrh']
Kucelj,Posavsko hribovje in Dolenjska,748,4,['vrh']
Kum,Posavsko hribovje in Dolenjska,1220,8,"['vrh', 'koča', 'cerkev']"
Lavričeva koča na Gradišču,Posavsko hribovje in Dolenjska,510,2,"['vrh', 'koča', 'cerkev']"
Lazarjev vrh,Posavsko hribovje in Dolenjska,452,1,['vrh']
Ledena jama na Stojni,Posavsko hribovje in Dolenjska,840,1,['']
Ledenik,Posavsko hribovje in Dolenjska,1072,3,['vrh']
Limbarska gora,Posavsko hribovje in Dolenjska,773,9,"['vrh', 'koča', 'cerkev']"
Limberk,Posavsko hribovje in Dolenjska,687,1,['vrh']
Lipovec,Posavsko hribovje in Dolenjska,848,1,['vrh']
Lisca,Posavsko hribovje in Dolenjska,948,5,"['vrh', 'koča']"
Lisec (Liška gora),Posavsko hribovje in Dolenjska,565,1,['vrh']
Livoldski vrh,Posavsko hribovje in Dolenjska,994,2,['vrh']
Lovski vrh,Posavsko hribovje in Dolenjska,830,2,['vrh']
Luknje,Posavsko hribovje in Dolenjska,438,1,['vrh']
Magdalenska gora,Posavsko hribovje in Dolenjska,504,1,"['vrh', 'cerkev']"
Mala Radenska stena,Posavsko hribovje in Dolenjska,428,1,['vrh']
Mali Bojanski vrh,Posavsko hribovje in Dolenjska,600,5,['vrh']
Malič,Posavsko hribovje in Dolenjska,936,7,['vrh']
Markova glava (razgledna stena),Posavsko hribovje in Dolenjska,722,1,['vrh']
Mazovnik (Golovec),Posavsko hribovje in Dolenjska,450,5,['vrh']
Mehovski hrib,Posavsko hribovje in Dolenjska,571,6,['vrh']
Mestni vrh,Posavsko hribovje in Dolenjska,1034,2,['vrh']
Miklavžev hrib (Razgledni stolp),Posavsko hribovje in Dolenjska,376,2,['vrh']
Mirna gora,Posavsko hribovje in Dolenjska,1047,5,['vrh']
Mrzlica,Posavsko hribovje in Dolenjska,1122,8,"['vrh', 'koča']"
Murjevka,Posavsko hribovje in Dolenjska,443,1,['vrh']
Murovica,Posavsko hribovje in Dolenjska,743,10,['vrh']
Naravno bohorsko okno,Posavsko hribovje in Dolenjska,883,3,['']
Nebeška gora,Posavsko hribovje in Dolenjska,958,1,['vrh']
Obolno,Posavsko hribovje in Dolenjska,776,4,['vrh']
Oklo nad Ihanom,Posavsko hribovje in Dolenjska,465,4,['']
Oljska gora,Posavsko hribovje in Dolenjska,401,3,['vrh']
Orle,Posavsko hribovje in Dolenjska,458,5,"['vrh', 'koča']"
Oslica (Bohor),Posavsko hribovje in Dolenjska,860,5,['vrh']
Ostrež,Posavsko hribovje in Dolenjska,856,1,"['vrh', 'cerkev']"
Ostri vrh,Posavsko hribovje in Dolenjska,855,1,['vrh']
Ostri vrh (nad Globodolom),Posavsko hribovje in Dolenjska,523,3,['vrh']
Petrova skala na Bohorju,Posavsko hribovje in Dolenjska,913,3,['']
Pleše,Posavsko hribovje in Dolenjska,866,4,['vrh']
Plešivec (Bohor),Posavsko hribovje in Dolenjska,915,3,['vrh']
Plezališče in ferata Renke,Posavsko hribovje in Dolenjska,700,1,['']
Pokojni vrh (Bohor),Posavsko hribovje in Dolenjska,711,1,['vrh']
Požgani hrib,Posavsko hribovje in Dolenjska,1009,2,['vrh']
Pristava nad Stično,Posavsko hribovje in Dolenjska,694,2,['vrh']
Pugled,Posavsko hribovje in Dolenjska,615,3,['vrh']
Raskože (Bohor),Posavsko hribovje in Dolenjska,650,1,['vrh']
Reber,Posavsko hribovje in Dolenjska,878,3,['vrh']
Resevna,Posavsko hribovje in Dolenjska,682,5,"['vrh', 'koča']"
Resje nad Štorami,Posavsko hribovje in Dolenjska,567,4,['vrh']
Reška planina,Posavsko hribovje in Dolenjska,925,3,['vrh']
Rifnik,Posavsko hribovje in Dolenjska,568,2,['vrh']
Roviškovec,Posavsko hribovje in Dolenjska,930,3,['vrh']
Sedlata gorica (Pogorelec),Posavsko hribovje in Dolenjska,817,1,['vrh']
Semenič,Posavsko hribovje in Dolenjska,590,1,['vrh']
Sitarjevec,Posavsko hribovje in Dolenjska,448,2,['vrh']
Skalica (Bohor),Posavsko hribovje in Dolenjska,951,5,['vrh']
Slivna (Pivkelj),Posavsko hribovje in Dolenjska,880,5,['vrh']
Slovenski vrh,Posavsko hribovje in Dolenjska,1041,3,['vrh']
Smuk,Posavsko hribovje in Dolenjska,545,2,"['vrh', 'koča', 'cerkev']"
Španov vrh (Besnica),Posavsko hribovje in Dolenjska,559,1,['vrh']
Špicberg,Posavsko hribovje in Dolenjska,490,2,['vrh']
Špilk,Posavsko hribovje in Dolenjska,956,3,"['vrh', 'bivak']"
Srebotnik,Posavsko hribovje in Dolenjska,700,8,['vrh']
Stara sveta gora,Posavsko hribovje in Dolenjska,386,3,"['vrh', 'cerkev']"
Stari grad (grad Čušperk),Posavsko hribovje in Dolenjska,668,1,['vrh']
Stari grad (Stari Osterberg),Posavsko hribovje in Dolenjska,443,4,['vrh']
Stari grad (Volčji Potok),Posavsko hribovje in Dolenjska,398,2,['vrh']
Stari grad Kamnik,Posavsko hribovje in Dolenjska,577,2,"['vrh', 'koča']"
Stari grad na Grajskem hribu,Posavsko hribovje in Dolenjska,407,3,['vrh']
Stari grad nad Otočcem,Posavsko hribovje in Dolenjska,250,1,['']
Stene svete Ane,Posavsko hribovje in Dolenjska,964,8,['vrh']
Stražnik,Posavsko hribovje in Dolenjska,648,1,['vrh']
Strešni vrh (Svibno),Posavsko hribovje in Dolenjska,523,2,['vrh']
Sv. Križ (Retje),Posavsko hribovje in Dolenjska,520,6,"['vrh', 'cerkev']"
Sv. Kunigunda na Taboru nad Ihanom,Posavsko hribovje in Dolenjska,377,2,"['vrh', 'cerkev']"
Sveta Marija (Ključevica),Posavsko hribovje in Dolenjska,1067,2,"['vrh', 'cerkev']"
Sveta Marija (Trška Gora),Posavsko hribovje in Dolenjska,428,2,"['vrh', 'cerkev']"
Sveta Marjeta (Prežganje),Posavsko hribovje in Dolenjska,658,1,"['vrh', 'koča', 'cerkev']"
Sveta Neža (Liboje),Posavsko hribovje in Dolenjska,368,1,"['vrh', 'cerkev']"
Sveta planina (Partizanski vrh),Posavsko hribovje in Dolenjska,1011,7,"['vrh', 'koča', 'cerkev']"
Sveta Trojica (nad Dobom),Posavsko hribovje in Dolenjska,527,4,"['vrh', 'koča', 'cerkev']"
Svete gore,Posavsko hribovje in Dolenjska,527,3,"['vrh', 'cerkev']"
Sveti Ahac,Posavsko hribovje in Dolenjska,748,2,"['vrh', 'cerkev']"
Sveti Duh (Polževo),Posavsko hribovje in Dolenjska,630,2,"['vrh', 'cerkev']"
Sveti Križ (Liška gora),Posavsko hribovje in Dolenjska,428,1,"['vrh', 'cerkev']"
Sveti Križ (nad Planino pri Sevnici),Posavsko hribovje in Dolenjska,730,2,"['vrh', 'cerkev']"
Sveti Lambert,Posavsko hribovje in Dolenjska,643,2,"['vrh', 'cerkev']"
Sveti Lenart (Kandrše),Posavsko hribovje in Dolenjska,508,1,"['vrh', 'cerkev']"
Sveti Lovrenc nad vasjo Okroglice,Posavsko hribovje in Dolenjska,722,1,"['vrh', 'cerkev']"
Sveti Miklavž nad Savo,Posavsko hribovje in Dolenjska,741,4,"['vrh', 'cerkev']"
Sveti Mohor na Mohorjevem hribu,Posavsko hribovje in Dolenjska,511,3,"['vrh', 'cerkev']"
Sveti Peter,Posavsko hribovje in Dolenjska,888,3,['vrh']
Sveti Peter (Selo pri Mirni),Posavsko hribovje in Dolenjska,445,2,"['vrh', 'cerkev']"
Sveti Primož (Kremen),Posavsko hribovje in Dolenjska,340,1,"['vrh', 'cerkev']"
Tabor,Posavsko hribovje in Dolenjska,697,1,['vrh']
Tabor Cerovo,Posavsko hribovje in Dolenjska,493,3,"['vrh', 'cerkev']"
Tinska gora,Posavsko hribovje in Dolenjska,409,1,['vrh']
Tolsta gora,Posavsko hribovje in Dolenjska,734,2,['vrh']
Tolsti vrh nad Celjsko kočo,Posavsko hribovje in Dolenjska,834,14,['vrh']
Tolsto,Posavsko hribovje in Dolenjska,780,1,['vrh']
Trebni vrh,Posavsko hribovje in Dolenjska,581,6,['vrh']
Turn (Sv. Janez Krstnik),Posavsko hribovje in Dolenjska,513,5,['vrh']
Velika Radenska stena,Posavsko hribovje in Dolenjska,439,1,['vrh']
Veliki Bojanski vrh,Posavsko hribovje in Dolenjska,627,4,['vrh']
Veliki Javornik (Bohor),Posavsko hribovje in Dolenjska,1023,8,['vrh']
Veliki Rog,Posavsko hribovje in Dolenjska,1099,2,['vrh']
Veliki Slomnik,Posavsko hribovje in Dolenjska,609,6,['vrh']
Veliki Špiček,Posavsko hribovje in Dolenjska,686,1,['vrh']
Veliki vrh (Križentaver),Posavsko hribovje in Dolenjska,419,2,['vrh']
Veliki vrh nad Svetino,Posavsko hribovje in Dolenjska,807,5,['vrh']
Veliko Kozje,Posavsko hribovje in Dolenjska,993,3,['vrh']
Vipota,Posavsko hribovje in Dolenjska,532,3,['vrh']
Visoka špica,Posavsko hribovje in Dolenjska,660,3,['vrh']
Vrh (Šticna),Posavsko hribovje in Dolenjska,679,1,['vrh']
Vrhe (pri Gorah),Posavsko hribovje in Dolenjska,781,3,['vrh']
Vrhija,Posavsko hribovje in Dolenjska,648,1,['vrh']
Vrtače,Posavsko hribovje in Dolenjska,758,2,['vrh']
Vzletišče Peter (Straška gora),Posavsko hribovje in Dolenjska,464,1,['']
Zabreznik (Sv. Miklavž),Posavsko hribovje in Dolenjska,644,2,"['vrh', 'cerkev']"
Žagarski vrh,Posavsko hribovje in Dolenjska,627,1,"['vrh', 'koča']"
Zaplaz,Posavsko hribovje in Dolenjska,543,3,"['vrh', 'cerkev']"
Zasavska Sveta gora,Posavsko hribovje in Dolenjska,852,9,"['vrh', 'cerkev']"
Županova jama,Posavsko hribovje in Dolenjska,430,2,['']
Apneni breg,Prekmurje,352,1,['vrh']
Beli breg,Prekmurje,346,4,['vrh']
Bogin breg,Prekmurje,371,2,['vrh']
Budinci,Prekmurje,285,1,['']
Cerkev sv. Ane v Boreči,Prekmurje,395,5,"['vrh', 'cerkev']"
Činčev breg,Prekmurje,375,2,['vrh']
Evharistični križ v Trdkovi,Prekmurje,388,1,['vrh']
Fuks graba,Prekmurje,305,1,['']
Gomba,Prekmurje,290,2,['vrh']
Gorički breg,Prekmurje,362,1,['vrh']
Grad Grad na Goričkem,Prekmurje,370,3,"['vrh', 'cerkev']"
Griški vrh,Prekmurje,322,2,['vrh']
Izvir slatine (pod Činčevim bregom),Prekmurje,280,1,['']
Kamenek,Prekmurje,392,2,['vrh']
Kapela v Stanjevcih,Prekmurje,357,1,"['vrh', 'cerkev']"
Kapela v Zgornjih Moravcih,Prekmurje,315,3,"['vrh', 'cerkev']"
Kripta,Prekmurje,331,4,['vrh']
Križarka,Prekmurje,413,4,['vrh']
Lendavski grad (Dolnjelendavski grad),Prekmurje,205,1,['vrh']
Makotrov breg,Prekmurje,319,2,['vrh']
Mejni kamen A 115,Prekmurje,353,3,['']
Mejni kamen Marije Terezije (Tromejnik),Prekmurje,343,6,['']
Močvara (Lončarovci),Prekmurje,257,2,['']
Ograd,Prekmurje,282,1,"['vrh', 'cerkev']"
Pepelšček,Prekmurje,386,2,['vrh']
Piramida (Lendavske gorice),Prekmurje,327,4,['vrh']
Razgledni stolp Vinarium Lendava,Prekmurje,302,4,"['vrh', 'koča']"
Rotunda sv. Nikolaja (Selo),Prekmurje,251,4,"['vrh', 'koča', 'cerkev']"
Serdiški breg (Rdeči breg),Prekmurje,416,8,['vrh']
Sotinski breg (Kugla),Prekmurje,418,5,['vrh']
Srebrni breg,Prekmurje,404,3,['vrh']
Sveta Helena (Pertoča),Prekmurje,298,1,"['vrh', 'cerkev']"
Sveta Trojica (Gornji Petrovci),Prekmurje,355,3,"['vrh', 'cerkev']"
Sveta Trojica v Lendavskih goricah,Prekmurje,266,2,"['vrh', 'cerkev']"
Sveti Benedikt (Kančevci),Prekmurje,358,5,"['vrh', 'cerkev']"
Sveti Martin (Stari breg),Prekmurje,307,1,"['vrh', 'cerkev']"
Trestenjak,Prekmurje,304,2,"['vrh', 'cerkev']"
Tromejnik,Prekmurje,390,9,['vrh']
Vidrin center Aqualutra,Prekmurje,275,1,['']
Vršič nad Bogojino,Prekmurje,246,1,['vrh']
Vukova kapela (Vidonci),Prekmurje,401,1,"['vrh', 'cerkev']"
Zalka,Prekmurje,362,2,['vrh']
Altemaver (Ratitovec),"Škofjeloško, Cerkljansko hribovje in Jelovica",1678,14,['vrh']
Babji zob,"Škofjeloško, Cerkljansko hribovje in Jelovica",1128,5,['vrh']
Bela peč (Podbliška gora),"Škofjeloško, Cerkljansko hribovje in Jelovica",1133,12,['vrh']
Bevkov vrh,"Škofjeloško, Cerkljansko hribovje in Jelovica",1051,8,['vrh']
Bičkova skala,"Škofjeloško, Cerkljansko hribovje in Jelovica",1012,1,['']
Blegoš,"Škofjeloško, Cerkljansko hribovje in Jelovica",1562,13,['vrh']
Bukovski vrh,"Škofjeloško, Cerkljansko hribovje in Jelovica",918,4,['vrh']
Cerkev Sv. Križa na Brezju nad Srednjo vasjo,"Škofjeloško, Cerkljansko hribovje in Jelovica",511,3,"['vrh', 'cerkev']"
Cerkovni vrh,"Škofjeloško, Cerkljansko hribovje in Jelovica",804,2,['vrh']
Črni vrh (nad Soriško planino),"Škofjeloško, Cerkljansko hribovje in Jelovica",1486,2,['vrh']
Črni vrh nad Novaki,"Škofjeloško, Cerkljansko hribovje in Jelovica",1291,2,"['vrh', 'jezero']"
Črvov vrh,"Škofjeloško, Cerkljansko hribovje in Jelovica",974,8,['vrh']
Divje babe,"Škofjeloško, Cerkljansko hribovje in Jelovica",450,1,['']
Dražgoška gora,"Škofjeloško, Cerkljansko hribovje in Jelovica",1140,2,['vrh']
Erbelc,"Škofjeloško, Cerkljansko hribovje in Jelovica",1308,4,['vrh']
Ermanovec,"Škofjeloško, Cerkljansko hribovje in Jelovica",1026,11,['vrh']
Gladki vrh (Ratitovec),"Škofjeloško, Cerkljansko hribovje in Jelovica",1667,15,['vrh']
Grad Divja Loka (Stari grad),"Škofjeloško, Cerkljansko hribovje in Jelovica",502,2,['vrh']
Gradišče (nad Spodnjo Idrijo),"Škofjeloško, Cerkljansko hribovje in Jelovica",998,5,['vrh']
Gradišče pod Babjim zobom,"Škofjeloško, Cerkljansko hribovje in Jelovica",824,1,['vrh']
Hleviška planina,"Škofjeloško, Cerkljansko hribovje in Jelovica",908,5,['vrh']
Hoč,"Škofjeloško, Cerkljansko hribovje in Jelovica",1514,2,['vrh']
Hudournik,"Škofjeloško, Cerkljansko hribovje in Jelovica",1148,3,['vrh']
Hujska,"Škofjeloško, Cerkljansko hribovje in Jelovica",706,2,['vrh']
Izvir Volaščice,"Škofjeloško, Cerkljansko hribovje in Jelovica",650,1,['']
Jelenk,"Škofjeloško, Cerkljansko hribovje in Jelovica",1107,3,['vrh']
Kačji rob,"Škofjeloško, Cerkljansko hribovje in Jelovica",1520,3,['vrh']
Kamnitnik (nad Škofjo Loko),"Škofjeloško, Cerkljansko hribovje in Jelovica",426,4,['vrh']
Kojca,"Škofjeloško, Cerkljansko hribovje in Jelovica",1303,10,"['vrh', 'bivak']"
Kopa (Cimprovka),"Škofjeloško, Cerkljansko hribovje in Jelovica",1360,3,['vrh']
Koprivnik,"Škofjeloško, Cerkljansko hribovje in Jelovica",1393,7,['vrh']
Kosmati vrh (Ratitovec),"Škofjeloško, Cerkljansko hribovje in Jelovica",1643,9,"['vrh', 'planina']"
Krancelj,"Škofjeloško, Cerkljansko hribovje in Jelovica",453,1,['vrh']
Krekova koča na Ratitovcu,"Škofjeloško, Cerkljansko hribovje in Jelovica",1642,21,"['vrh', 'koča', 'bivak', 'planina']"
Kremant (Ratitovec),"Škofjeloško, Cerkljansko hribovje in Jelovica",1654,5,['vrh']
Krog (Ledinski grič),"Škofjeloško, Cerkljansko hribovje in Jelovica",940,6,['vrh']
Kucelj (nad Kopačnico),"Škofjeloško, Cerkljansko hribovje in Jelovica",920,2,['vrh']
Lepo brdo,"Škofjeloško, Cerkljansko hribovje in Jelovica",778,1,['vrh']
Lipniški grad (Pusti grad nad Lipnico),"Škofjeloško, Cerkljansko hribovje in Jelovica",590,9,['vrh']
Loncmanova Sivka (Mrzli Vrh),"Škofjeloško, Cerkljansko hribovje in Jelovica",987,7,['vrh']
Lubnik,"Škofjeloško, Cerkljansko hribovje in Jelovica",1025,10,"['vrh', 'koča']"
Malenski vrh,"Škofjeloško, Cerkljansko hribovje in Jelovica",1051,4,['vrh']
Medrce,"Škofjeloško, Cerkljansko hribovje in Jelovica",1410,6,['vrh']
Miklavška gora,"Škofjeloško, Cerkljansko hribovje in Jelovica",955,2,"['vrh', 'cerkev']"
Mladi vrh,"Škofjeloško, Cerkljansko hribovje in Jelovica",1374,6,['vrh']
Ojstra peč,"Škofjeloško, Cerkljansko hribovje in Jelovica",516,10,['vrh']
Otavnik,"Škofjeloško, Cerkljansko hribovje in Jelovica",1306,2,['vrh']
Partizanska tehnika Meta,"Škofjeloško, Cerkljansko hribovje in Jelovica",1100,4,['']
Planina Otavnik,"Škofjeloško, Cerkljansko hribovje in Jelovica",1268,2,"['vrh', 'planina']"
Planinska koča Mrzl'k,"Škofjeloško, Cerkljansko hribovje in Jelovica",971,7,"['vrh', 'koča']"
Počitniški dom Goričane,"Škofjeloško, Cerkljansko hribovje in Jelovica",1145,1,['']
Porezen,"Škofjeloško, Cerkljansko hribovje in Jelovica",1630,21,['vrh']
Ribčeva planina,"Škofjeloško, Cerkljansko hribovje in Jelovica",1115,2,['']
Rodne,"Škofjeloško, Cerkljansko hribovje in Jelovica",698,1,"['vrh', 'bivak']"
Rovnik,"Škofjeloško, Cerkljansko hribovje in Jelovica",707,2,['vrh']
Sivka,"Škofjeloško, Cerkljansko hribovje in Jelovica",1008,8,['vrh']
Škofje,"Škofjeloško, Cerkljansko hribovje in Jelovica",973,9,['vrh']
Sleme (Površnica),"Škofjeloško, Cerkljansko hribovje in Jelovica",883,4,['vrh']
Šmarjetna gora,"Škofjeloško, Cerkljansko hribovje in Jelovica",646,6,"['vrh', 'koča', 'cerkev']"
Špičasti hrib,"Škofjeloško, Cerkljansko hribovje in Jelovica",837,4,['vrh']
Špik (Vranškov grič),"Škofjeloško, Cerkljansko hribovje in Jelovica",908,3,['vrh']
Stari vrh,"Škofjeloško, Cerkljansko hribovje in Jelovica",1217,3,['vrh']
Štor,"Škofjeloško, Cerkljansko hribovje in Jelovica",1005,12,['vrh']
Stovc (Stolec),"Škofjeloško, Cerkljansko hribovje in Jelovica",474,4,['vrh']
Suharna,"Škofjeloško, Cerkljansko hribovje in Jelovica",952,1,['']
Sveta Ana (Ledinica),"Škofjeloško, Cerkljansko hribovje in Jelovica",503,1,"['vrh', 'cerkev']"
Sveti Ivan nad Divjimi babami,"Škofjeloško, Cerkljansko hribovje in Jelovica",573,1,"['vrh', 'cerkev']"
Sveti Jošt nad Kranjem,"Škofjeloško, Cerkljansko hribovje in Jelovica",845,12,"['vrh', 'koča', 'cerkev']"
Sveti Jošt v Trebenčah,"Škofjeloško, Cerkljansko hribovje in Jelovica",573,1,"['vrh', 'cerkev']"
Sveti Križ nad Selcami,"Škofjeloško, Cerkljansko hribovje in Jelovica",860,4,"['vrh', 'cerkev']"
Sveti Lambert (Lancovo),"Škofjeloško, Cerkljansko hribovje in Jelovica",515,1,"['vrh', 'cerkev']"
Sveti Mohor (Zabrekve),"Škofjeloško, Cerkljansko hribovje in Jelovica",952,8,"['vrh', 'cerkev']"
Sveti nadangel Gabrijel (Planica),"Škofjeloško, Cerkljansko hribovje in Jelovica",824,10,"['vrh', 'cerkev']"
Sveti Pavel (Straža),"Škofjeloško, Cerkljansko hribovje in Jelovica",451,1,"['vrh', 'cerkev']"
Sveti Primož in Felicijan (Jamnik),"Škofjeloško, Cerkljansko hribovje in Jelovica",831,10,"['vrh', 'cerkev']"
Sveti Tomaž (Vrsnik nad Žirmi),"Škofjeloško, Cerkljansko hribovje in Jelovica",744,2,"['vrh', 'cerkev']"
Sveti Tomaž nad Praprotnim,"Škofjeloško, Cerkljansko hribovje in Jelovica",666,1,"['vrh', 'cerkev']"
Tolsti vrh (Talež),"Škofjeloško, Cerkljansko hribovje in Jelovica",883,2,['vrh']
Tonderškofel,"Škofjeloško, Cerkljansko hribovje in Jelovica",1326,3,['vrh']
Veliki vrh (Lajše),"Škofjeloško, Cerkljansko hribovje in Jelovica",881,5,['vrh']
Vrh Slajke,"Škofjeloško, Cerkljansko hribovje in Jelovica",790,3,['vrh']
Vrh soteske (Križna gora),"Škofjeloško, Cerkljansko hribovje in Jelovica",735,2,['vrh']
Vrhovec,"Škofjeloško, Cerkljansko hribovje in Jelovica",1079,2,['vrh']
Vrhovski grič,"Škofjeloško, Cerkljansko hribovje in Jelovica",958,4,['vrh']
Zaganjalka,"Škofjeloško, Cerkljansko hribovje in Jelovica",661,1,['']
Zagrebenc,"Škofjeloško, Cerkljansko hribovje in Jelovica",763,1,['vrh']
Žbajnek,"Škofjeloško, Cerkljansko hribovje in Jelovica",1538,2,['vrh']
Zjavka,"Škofjeloško, Cerkljansko hribovje in Jelovica",505,6,['vrh']
Babičev mlin na Muri,"Strojna, Košenjak, Kozjak in Slovenske gorice",182,2,['']
Beli vrh,"Strojna, Košenjak, Kozjak in Slovenske gorice",355,1,['vrh']
Bivak Piramida,"Strojna, Košenjak, Kozjak in Slovenske gorice",1395,5,['']
Bricnik,"Strojna, Košenjak, Kozjak in Slovenske gorice",1017,8,['vrh']
Brinjeva gora (nad Prevaljami),"Strojna, Košenjak, Kozjak in Slovenske gorice",723,3,"['vrh', 'cerkev']"
Brod na Muri (Melinci),"Strojna, Košenjak, Kozjak in Slovenske gorice",175,1,['']
Čajžič,"Strojna, Košenjak, Kozjak in Slovenske gorice",421,2,['vrh']
Cerkvenjak,"Strojna, Košenjak, Kozjak in Slovenske gorice",341,2,"['vrh', 'koča', 'cerkev']"
Gomila,"Strojna, Košenjak, Kozjak in Slovenske gorice",352,9,"['vrh', 'koča']"
Gorca,"Strojna, Košenjak, Kozjak in Slovenske gorice",347,1,"['vrh', 'planina', 'cerkev']"
Grad Negova,"Strojna, Košenjak, Kozjak in Slovenske gorice",289,3,"['vrh', 'cerkev']"
Grad Vurberk,"Strojna, Košenjak, Kozjak in Slovenske gorice",427,2,"['vrh', 'cerkev']"
Gradišče Novine,"Strojna, Košenjak, Kozjak in Slovenske gorice",346,3,['vrh']
Grilov vrh,"Strojna, Košenjak, Kozjak in Slovenske gorice",835,2,['vrh']
Grmada (pri Vurberku) - jugovzhodni vrh,"Strojna, Košenjak, Kozjak in Slovenske gorice",462,2,['vrh']
Grmada (pri Vurberku) - severozahodni vrh,"Strojna, Košenjak, Kozjak in Slovenske gorice",460,2,['vrh']
Jeruzalem,"Strojna, Košenjak, Kozjak in Slovenske gorice",338,10,"['vrh', 'koča', 'cerkev']"
Kalvarija (cerkev svete Barbare),"Strojna, Košenjak, Kozjak in Slovenske gorice",375,1,"['vrh', 'cerkev']"
Kapela sv. Marije (Radehova),"Strojna, Košenjak, Kozjak in Slovenske gorice",251,1,['']
Kapela sv. Rozalije na Samotnem boru,"Strojna, Košenjak, Kozjak in Slovenske gorice",370,1,['']
Kapunar,"Strojna, Košenjak, Kozjak in Slovenske gorice",1051,11,['vrh']
Kogel (Litmerk),"Strojna, Košenjak, Kozjak in Slovenske gorice",330,2,['vrh']
Košenjak,"Strojna, Košenjak, Kozjak in Slovenske gorice",1522,12,['vrh']
Kostanj,"Strojna, Košenjak, Kozjak in Slovenske gorice",325,2,['vrh']
Kozji vrh (pri Košenjaku),"Strojna, Košenjak, Kozjak in Slovenske gorice",1383,3,['vrh']
Lovska koča Radlje ob Dravi,"Strojna, Košenjak, Kozjak in Slovenske gorice",622,1,['']
Možičev vrh,"Strojna, Košenjak, Kozjak in Slovenske gorice",926,4,['vrh']
Norički vrh,"Strojna, Košenjak, Kozjak in Slovenske gorice",303,1,['vrh']
Ostragova,"Strojna, Košenjak, Kozjak in Slovenske gorice",309,1,['vrh']
Petnikov vrh,"Strojna, Košenjak, Kozjak in Slovenske gorice",603,1,['vrh']
Piramida (nad Gornjo Radgono),"Strojna, Košenjak, Kozjak in Slovenske gorice",310,2,['vrh']
Plački vrh,"Strojna, Košenjak, Kozjak in Slovenske gorice",510,3,['vrh']
Pokeržnikov vrh,"Strojna, Košenjak, Kozjak in Slovenske gorice",1055,3,['vrh']
Puhov muzej (Sakušak),"Strojna, Košenjak, Kozjak in Slovenske gorice",334,1,['']
Radgonski grad,"Strojna, Košenjak, Kozjak in Slovenske gorice",267,2,['vrh']
Razgledna točka Kapela,"Strojna, Košenjak, Kozjak in Slovenske gorice",312,3,"['vrh', 'cerkev']"
Razkriški kot (sotočje Mure in Ščavnice),"Strojna, Košenjak, Kozjak in Slovenske gorice",169,2,['']
Rimsko gomilno grobišče v Anželovem gozdu,"Strojna, Košenjak, Kozjak in Slovenske gorice",260,1,['']
Rojstna hiša Stanka Vraza,"Strojna, Košenjak, Kozjak in Slovenske gorice",293,2,['']
Samotni bor,"Strojna, Košenjak, Kozjak in Slovenske gorice",426,1,['vrh']
Skrivališče konjev,"Strojna, Košenjak, Kozjak in Slovenske gorice",278,1,['']
Sršenov vrh,"Strojna, Košenjak, Kozjak in Slovenske gorice",963,4,['vrh']
Stari grad nad Radljami ob Dravi (Mahrenberg),"Strojna, Košenjak, Kozjak in Slovenske gorice",576,1,['vrh']
Šteharski vrh (Šteharnikov vrh),"Strojna, Košenjak, Kozjak in Slovenske gorice",1018,5,['vrh']
Šteknetov vrh,"Strojna, Košenjak, Kozjak in Slovenske gorice",1061,1,['vrh']
Sveta Ana v Slovenskih goricah,"Strojna, Košenjak, Kozjak in Slovenske gorice",358,2,"['vrh', 'koča', 'cerkev']"
Sveta Trojica (Mala Nedelja),"Strojna, Košenjak, Kozjak in Slovenske gorice",280,1,"['vrh', 'cerkev']"
Sveta Trojica v Slovenskih goricah,"Strojna, Košenjak, Kozjak in Slovenske gorice",291,2,"['vrh', 'cerkev']"
Sveti Andraž (Vitomarci),"Strojna, Košenjak, Kozjak in Slovenske gorice",296,2,['']
Sveti Duh (Stara Gora),"Strojna, Košenjak, Kozjak in Slovenske gorice",262,2,"['vrh', 'koča', 'cerkev']"
Sveti Jernej nad Muto,"Strojna, Košenjak, Kozjak in Slovenske gorice",1038,6,"['vrh', 'planina', 'cerkev']"
Sveti Jurij (Remšnik),"Strojna, Košenjak, Kozjak in Slovenske gorice",685,4,"['vrh', 'cerkev']"
Sveti Križ pri Dravogradu,"Strojna, Košenjak, Kozjak in Slovenske gorice",528,1,"['vrh', 'cerkev']"
Sveti Pankracij (Radelca),"Strojna, Košenjak, Kozjak in Slovenske gorice",900,7,"['vrh', 'cerkev']"
Sveti Trije Kralji (nad Radljami ob Dravi),"Strojna, Košenjak, Kozjak in Slovenske gorice",820,3,"['vrh', 'cerkev']"
Sveti Trije Kralji v Slovenskih goricah,"Strojna, Košenjak, Kozjak in Slovenske gorice",296,1,"['vrh', 'cerkev']"
Svetinje,"Strojna, Košenjak, Kozjak in Slovenske gorice",310,1,"['vrh', 'cerkev']"
Tojzlov vrh,"Strojna, Košenjak, Kozjak in Slovenske gorice",703,6,['vrh']
Tolsti vrh (na Kozjaku),"Strojna, Košenjak, Kozjak in Slovenske gorice",756,2,['vrh']
Turška peč,"Strojna, Košenjak, Kozjak in Slovenske gorice",612,2,['vrh']
Žavcarjev vrh,"Strojna, Košenjak, Kozjak in Slovenske gorice",915,5,['vrh']
Zavrh v Slovenskih goricah,"Strojna, Košenjak, Kozjak in Slovenske gorice",370,4,"['vrh', 'koča']"
Zeleno okno,"Strojna, Košenjak, Kozjak in Slovenske gorice",325,3,['vrh']
Župank,"Strojna, Košenjak, Kozjak in Slovenske gorice",508,1,['']
Župank,"Strojna, Košenjak, Kozjak in Slovenske gorice",508,1,['']
Zeleno okno,"Strojna, Košenjak, Kozjak in Slovenske gorice",325,3,['vrh']
Župank,"Strojna, Košenjak, Kozjak in Slovenske gorice",508,1,['']
